iso3,year,protected_pct
ABW,2013,0.0
AFE,2013,12.0775419835896
AFG,2013,0.4
AFW,2013,11.6525253593234
AGO,2013,8.9
ALB,2013,7.7
AND,2013,9.2
ARB,2013,7.24648729920365
ARE,2013,15.9
ARG,2013,5.0
ARM,2013,23.3
ASM,2013,8.6
ATG,2013,0.1
AUS,2013,28.1
AUT,2013,24.0
AZE,2013,6.4
BDI,2013,5.0
BEL,2013,24.3
BEN,2013,23.5
BFA,2013,15.8
BGD,2013,3.5
BGR,2013,35.0
BHR,2013,7.3
BHS,2013,0.5
BIH,2013,1.6
BLR,2013,8.3
BLZ,2013,18.3
BMU,2013,0.0
BOL,2013,21.4
BRA,2013,18.9
BRB,2013,0.0
BRN,2013,9.0
BTN,2013,28.8
BWA,2013,29.1
CAF,2013,18.1
CAN,2013,6.3
CEB,2013,24.9092505269521
CHE,2013,24.8
CHL,2013,6.8
CHN,2013,15.8
CIV,2013,14.9
CMR,2013,10.8
COD,2013,12.8
COG,2013,33.0
COL,2013,18.1
COM,2013,0.3
CPV,2013,0.0
CRI,2013,3.0
CSS,2013,3.28918140719214
CUB,2013,4.9
CUW,2013,0.1
CYM,2013,0.1
CYP,2013,1.9
CZE,2013,21.9
DEU,2013,38.9
DJI,2013,0.1
DMA,2013,0.6
DNK,2013,17.6
DOM,2013,11.0
DZA,2013,7.1
EAP,2013,7.38061627215839
EAR,2013,8.46248354819368
EAS,2013,12.0095636503805
ECA,2013,4.06904762884222
ECS,2013,10.3300576678509
ECU,2013,15.4
EGY,2013,11.5
EMU,2013,13.1496599315373
ERI,2013,3.0
ESP,2013,11.1
EST,2013,19.4
ETH,2013,18.5
EUU,2013,14.5893828630743
FCS,2013,8.23572810529583
FIN,2013,13.9
FJI,2013,1.0
FRA,2013,23.5
FRO,2013,0.0
FSM,2013,0.0
GAB,2013,12.0
GBR,2013,11.3
GEO,2013,6.1
GHA,2013,7.8
GIB,2013,0.1
GIN,2013,21.4
GMB,2013,1.4
GNB,2013,10.3
GNQ,2013,2.1
GRC,2013,8.6
GRD,2013,0.0
GRL,2013,22.4
GTM,2013,15.7
GUM,2013,0.1
GUY,2013,5.3
HIC,2013,12.5343708518418
HKG,2013,42.1
HND,2013,7.5
HPC,2013,12.4536961028267
HRV,2013,8.0
HTI,2013,0.0
HUN,2013,23.2
IBD,2013,10.0747919143177
IBT,2013,9.52493468035078
IDA,2013,8.20928919883065
IDB,2013,6.83968095184
IDN,2013,6.1
IDX,2013,8.56227082296908
IND,2013,3.4
IRL,2013,3.3
IRN,2013,6.5
IRQ,2013,0.3
ISL,2013,2.7
ISR,2013,8.6
ITA,2013,11.2
JAM,2013,1.4
JOR,2013,1.5
JPN,2013,1.9
KAZ,2013,3.2
KEN,2013,12.1
KGZ,2013,6.5
KHM,2013,20.9
KIR,2013,11.8
KNA,2013,0.3
KOR,2013,2.3
KWT,2013,11.2
LAC,2013,13.547477262032
LAO,2013,16.7
LBN,2013,0.2
LBR,2013,0.8
LBY,2013,0.1
LCA,2013,0.7
LCN,2013,12.8300358804358
LDC,2013,10.3394665832591
LIC,2013,9.76816228277825
LIE,2013,42.2
LKA,2013,2.5
LMC,2013,7.6677830866245
LMY,2013,9.53146721709472
LSO,2013,0.2
LTE,2013,9.79214537245196
LTU,2013,16.4
LUX,2013,37.3
LVA,2013,17.8
MAF,2013,4.1
MAR,2013,1.7
MCO,2013,0.3
MDA,2013,4.2
MDG,2013,1.9
MEA,2013,8.41697772027811
MEX,2013,6.0
MHL,2013,0.0
MIC,2013,9.49567280239495
MKD,2013,9.7
MLI,2013,9.1
MLT,2013,0.5
MMR,2013,4.1
MNA,2013,4.57490927061664
MNE,2013,9.6
MNG,2013,13.8
MNP,2013,32.1
MOZ,2013,10.5
MRT,2013,1.1
MUS,2013,0.0
MWI,2013,16.9
MYS,2013,8.9
NAC,2013,10.0249484529315
NAM,2013,26.9
NCL,2013,2.4
NER,2013,16.7
NGA,2013,11.6
NIC,2013,15.5
NLD,2013,20.2
NOR,2013,4.7
NPL,2013,17.2
NZL,2013,27.9
OED,2013,13.7805432597344
OMN,2013,4.0
OSS,2013,1.21620223216696
PAK,2013,9.8
PAN,2013,5.2
PER,2013,19.2
PHL,2013,2.4
PLW,2013,0.2
PNG,2013,0.7
POL,2013,34.2
PRE,2013,11.6534849213716
PRI,2013,0.5
PRK,2013,1.3
PRT,2013,7.4
PRY,2013,6.5
PSS,2013,3.07466580368891
PST,2013,14.8174143626345
PYF,2013,0.0
QAT,2013,0.8
ROU,2013,18.1
RUS,2013,8.8
RWA,2013,10.7
SAS,2013,4.28807757715309
SAU,2013,28.3
SDN,2013,2.6
SEN,2013,14.5
SGP,2013,3.0
SLB,2013,0.2
SLE,2013,3.3
SLV,2013,2.1
SRB,2013,7.4
SSA,2013,12.4128779584541
SSD,2013,20.0
SSF,2013,11.9286780373468
SST,2013,2.64561206655278
STP,2013,0.0
SUR,2013,8.5
SVK,2013,35.9
SVN,2013,55.3
SWE,2013,12.6
SWZ,2013,3.0
SYC,2013,0.0
SYR,2013,0.7
TCA,2013,0.4
TCD,2013,18.6
TEA,2013,7.31291953718916
TEC,2013,8.27751430744488
TGO,2013,21.9
THA,2013,12.5
TJK,2013,19.7
TKM,2013,3.2
TLA,2013,13.3336688199816
TLS,2013,3.3
TMN,2013,4.57490927061664
TON,2013,1.5
TSA,2013,4.28807757715309
TSS,2013,11.9286780373468
TTO,2013,2.1
TUN,2013,3.7
TUR,2013,2.2
TUV,2013,0.0
TZA,2013,26.0
UGA,2013,16.1
UKR,2013,3.9
UMC,2013,10.4690684676279
URY,2013,1.7
USA,2013,13.5
UZB,2013,3.4
VCT,2013,0.2
VEN,2013,36.9
VGB,2013,0.1
VIR,2013,0.6
VNM,2013,2.6
VUT,2013,0.1
WLD,2013,11.1038996925146
WSM,2013,0.2
YEM,2013,0.6
ZAF,2013,9.8
ZMB,2013,38.0
ZWE,2013,28.1
ABW,2014,0.0
AFE,2014,11.3817816317135
AFG,2014,0.4
AFW,2014,11.6506576581073
AGO,2014,5.0
ALB,2014,1.8
AND,2014,18.2
ARB,2014,9.69920939363875
ARE,2014,15.9
ARG,2014,7.3
ARM,2014,23.1
ASM,2014,8.7
ATG,2014,0.2
AUS,2014,29.0
AUT,2014,28.3
AZE,2014,5.5
BDI,2014,7.0
BEL,2014,24.2
BEN,2014,23.5
BFA,2014,15.8
BGD,2014,4.9
BGR,2014,31.5
BHR,2014,7.3
BHS,2014,0.5
BIH,2014,1.1
BLR,2014,8.6
BLZ,2014,20.5
BMU,2014,0.0
BOL,2014,25.3
BRA,2014,20.4
BRB,2014,0.0
BRN,2014,9.0
BTN,2014,48.0
BWA,2014,29.1
CAF,2014,18.1
CAN,2014,6.3
CEB,2014,25.4245551819273
CHE,2014,9.7
CHL,2014,6.8
CHN,2014,15.9
CIV,2014,14.9
CMR,2014,10.8
COD,2014,12.6
COG,2014,33.6
COL,2014,18.1
COM,2014,0.1
CPV,2014,0.0
CRI,2014,3.0
CSS,2014,3.37745957973877
CUB,2014,4.9
CUW,2014,0.1
CYM,2014,0.1
CYP,2014,1.7
CZE,2014,21.8
DEU,2014,38.5
DJI,2014,1.2
DMA,2014,0.6
DNK,2014,20.5
DOM,2014,11.2
DZA,2014,7.1
EAP,2014,7.40475426669036
EAR,2014,8.47154590978657
EAS,2014,14.7868134988285
ECA,2014,3.73459698071191
ECS,2014,9.8264559780073
ECU,2014,15.4
EGY,2014,11.6
EMU,2014,13.1988526586394
ERI,2014,3.0
ESP,2014,10.1
EST,2014,19.4
ETH,2014,18.5
EUU,2014,14.5857475084028
FCS,2014,8.14722195747132
FIN,2014,14.2
FJI,2014,1.0
FRA,2014,23.4
FRO,2014,0.0
FSM,2014,0.0
GAB,2014,12.1
GBR,2014,19.7
GEO,2014,6.4
GHA,2014,7.8
GIB,2014,13.2
GIN,2014,21.4
GMB,2014,1.4
GNB,2014,10.3
GNQ,2014,2.1
GRC,2014,8.6
GRD,2014,0.0
GRL,2014,22.4
GTM,2014,15.7
GUM,2014,0.1
GUY,2014,5.3
HIC,2014,13.838177397649
HKG,2014,42.1
HND,2014,12.2
HPC,2014,12.6416939528475
HRV,2014,23.7
HTI,2014,0.0
HUN,2014,22.6
IBD,2014,10.3647135191371
IBT,2014,9.66922034673394
IDA,2014,8.03586512704298
IDB,2014,6.69815514069441
IDN,2014,5.1
IDX,2014,8.37265027984133
IND,2014,3.5
IRL,2014,3.4
IRN,2014,6.5
IRQ,2014,0.9
ISL,2014,2.3
ISR,2014,8.6
ITA,2014,11.3
JAM,2014,1.4
JOR,2014,1.7
JPN,2014,2.1
KAZ,2014,3.2
KEN,2014,10.3
KGZ,2014,6.5
KHM,2014,20.6
KIR,2014,11.8
KNA,2014,0.3
KOR,2014,2.6
KWT,2014,11.2
LAC,2014,14.6667880699935
LAO,2014,16.7
LBN,2014,0.9
LBR,2014,0.8
LBY,2014,0.3
LCA,2014,0.7
LCN,2014,13.7187650100856
LDC,2014,10.0151704690934
LIC,2014,9.51467884699942
LIE,2014,42.2
LKA,2014,2.6
LMC,2014,8.71050943797671
LMY,2014,9.92643422136114
LSO,2014,0.3
LTE,2014,11.8347685604669
LTU,2014,16.4
LUX,2014,34.9
LVA,2014,17.8
MAF,2014,3.2
MAR,2014,59.7
MCO,2014,0.3
MDA,2014,4.2
MDG,2014,1.9
MDV,2014,0.0
MEA,2014,11.2166413377746
MEX,2014,6.3
MHL,2014,0.4
MIC,2014,9.98820645691707
MKD,2014,9.7
MLI,2014,8.3
MLT,2014,0.5
MMR,2014,4.1
MNA,2014,8.53015254981413
MNE,2014,2.6
MNG,2014,17.4
MNP,2014,100.0
MOZ,2014,10.9
MRT,2014,1.1
MUS,2014,0.0
MWI,2014,16.9
MYS,2014,8.9
NAC,2014,9.23157518942986
NAM,2014,23.2
NCL,2014,95.6
NER,2014,17.3
NGA,2014,11.6
NIC,2014,15.5
NLD,2014,18.0
NOR,2014,4.8
NPL,2014,23.5
NZL,2014,30.5
OED,2014,13.8196629119276
OMN,2014,1.0
OSS,2014,1.09565770433852
PAK,2014,9.8
PAN,2014,5.2
PER,2014,19.4
PHL,2014,3.1
PLW,2014,0.3
PNG,2014,0.7
POL,2014,29.3
PRE,2014,11.1677297968769
PRI,2014,2.0
PRK,2014,1.3
PRT,2014,7.4
PRY,2014,6.5
PSS,2014,3.13539235264559
PST,2014,14.9170313516695
PYF,2014,0.0
QAT,2014,0.8
ROU,2014,22.5
RUS,2014,7.6
RWA,2014,9.6
SAS,2014,4.137752785483
SAU,2014,28.3
SDN,2014,1.9
SEN,2014,14.5
SGP,2014,3.2
SLB,2014,0.2
SLE,2014,3.3
SLV,2014,2.1
SRB,2014,6.7
SSA,2014,11.9377209155887
SSD,2014,15.5
SSF,2014,11.4759566452396
SST,2014,2.59884508157705
STP,2014,0.0
SUR,2014,8.5
SVK,2014,36.8
SVN,2014,54.1
SWE,2014,13.0
SWZ,2014,4.0
SYC,2014,0.1
SYR,2014,0.7
TCA,2014,0.4
TCD,2014,18.6
TEA,2014,7.33826030312384
TEC,2014,7.3138704594002
TGO,2014,21.8
THA,2014,12.5
TJK,2014,22.3
TKM,2014,3.2
TLA,2014,14.2548269935034
TLS,2014,3.3
TMN,2014,8.53015254981412
TON,2014,1.5
TSA,2014,4.137752785483
TSS,2014,11.4759566452396
TTO,2014,2.1
TUN,2014,3.7
TUR,2014,0.2
TUV,2014,0.0
TZA,2014,26.0
UGA,2014,16.1
UKR,2014,3.9
UMC,2014,10.6603431607984
URY,2014,1.7
USA,2014,12.0
UZB,2014,3.4
VCT,2014,0.5
VEN,2014,36.9
VGB,2014,0.1
VIR,2014,1.0
VNM,2014,2.6
VUT,2014,0.1
WLD,2014,11.9200226984187
WSM,2014,0.2
YEM,2014,0.6
ZAF,2014,10.6
ZMB,2014,38.0
ZWE,2014,26.7
ABW,2015,0.0
AFE,2015,11.5916271503831
AFG,2015,0.4
AFW,2015,11.6493198499422
AGO,2015,5.0
ALB,2015,2.2
AND,2015,21.1
ARB,2015,7.8066913583501
ARE,2015,15.9
ARG,2015,7.4
ARM,2015,23.1
ASM,2015,8.7
ATG,2015,0.2
AUS,2015,28.7
AUT,2015,28.4
AZE,2015,5.5
BDI,2015,7.0
BEL,2015,24.2
BEN,2015,22.9
BFA,2015,15.8
BGD,2015,4.9
BGR,2015,32.8
BHR,2015,1.7
BHS,2015,1.2
BIH,2015,1.5
BLR,2015,8.8
BLZ,2015,20.5
BMU,2015,0.0
BOL,2015,30.9
BRA,2015,20.4
BRB,2015,0.0
BRN,2015,9.0
BTN,2015,48.0
BWA,2015,29.1
CAF,2015,18.1
CAN,2015,6.2
CEB,2015,25.6046487946093
CHE,2015,9.7
CHL,2015,6.8
CHN,2015,15.9
CIV,2015,14.9
CMR,2015,10.6
COD,2015,12.6
COG,2015,33.6
COL,2015,9.3
COM,2015,0.1
CPV,2015,0.0
CRI,2015,3.0
CSS,2015,3.63295814337735
CUB,2015,4.9
CUW,2015,0.3
CYM,2015,0.1
CYP,2015,1.7
CZE,2015,21.7
DEU,2015,38.5
DJI,2015,1.2
DMA,2015,0.6
DNK,2015,20.5
DOM,2015,11.2
DZA,2015,7.1
EAP,2015,7.40691899768002
EAR,2015,8.58636072253037
EAS,2015,14.0417227344091
ECA,2015,3.74621070335686
ECS,2015,9.90312957921042
ECU,2015,14.4
EGY,2015,11.6
EMU,2015,14.0138054782512
ERI,2015,3.0
ESP,2015,14.1
EST,2015,19.4
ETH,2015,18.5
EUU,2015,15.2851441325046
FCS,2015,8.18918031605445
FIN,2015,14.2
FJI,2015,1.0
FRA,2015,23.2
FRO,2015,0.0
FSM,2015,0.0
GAB,2015,12.1
GBR,2015,16.6
GEO,2015,6.4
GHA,2015,7.8
GIB,2015,13.2
GIN,2015,21.4
GMB,2015,1.4
GNB,2015,11.5
GNQ,2015,2.1
GRC,2015,8.6
GRD,2015,0.2
GRL,2015,22.4
GTM,2015,15.7
GUM,2015,0.1
GUY,2015,5.3
HIC,2015,14.6080629664979
HKG,2015,41.9
HND,2015,12.2
HPC,2015,12.9676486766141
HRV,2015,23.7
HTI,2015,0.0
HUN,2015,22.6
IBD,2015,10.0586463618196
IBT,2015,9.46594140479501
IDA,2015,8.07398275774229
IDB,2015,6.68936325266229
IDN,2015,5.1
IDX,2015,8.422577966229
IMN,2015,0.3
IND,2015,3.5
IRL,2015,4.0
IRN,2015,6.5
IRQ,2015,0.9
ISL,2015,2.3
ISR,2015,8.6
ITA,2015,11.3
JAM,2015,1.4
JOR,2015,1.7
JPN,2015,2.1
KAZ,2015,3.2
KEN,2015,10.3
KGZ,2015,6.5
KHM,2015,20.6
KIR,2015,11.8
KNA,2015,0.3
KOR,2015,2.6
KWT,2015,11.2
LAC,2015,14.3066087016363
LAO,2015,16.7
LBN,2015,0.9
LBR,2015,0.8
LBY,2015,0.3
LCA,2015,0.9
LCN,2015,13.4458716097233
LDC,2015,10.0695222959938
LIC,2015,9.61749749558428
LIE,2015,42.2
LKA,2015,3.4
LMC,2015,8.17328527674351
LMY,2015,9.66984670929758
LSO,2015,0.3
LTE,2015,11.2889690744416
LTU,2015,16.9
LUX,2015,32.5
LVA,2015,17.8
MAF,2015,3.2
MAR,2015,18.5
MCO,2015,0.3
MDA,2015,4.2
MDG,2015,1.9
MDV,2015,0.0
MEA,2015,9.1355668647222
MEX,2015,6.3
MHL,2015,0.3
MIC,2015,9.67770022660912
MKD,2015,9.7
MLI,2015,8.3
MLT,2015,0.5
MMR,2015,4.1
MNA,2015,5.77967133827912
MNE,2015,2.6
MNG,2015,17.4
MNP,2015,33.2
MOZ,2015,12.1
MRT,2015,1.1
MUS,2015,0.0
MWI,2015,16.9
MYS,2015,8.9
NAC,2015,13.4700036840625
NAM,2015,23.2
NCL,2015,95.6
NER,2015,17.3
NGA,2015,11.6
NIC,2015,15.5
NLD,2015,17.9
NOR,2015,4.8
NPL,2015,23.4
NZL,2015,30.5
OED,2015,15.3476190739734
OMN,2015,1.0
OSS,2015,1.0922913273006
PAK,2015,9.8
PAN,2015,5.2
PER,2015,19.4
PHL,2015,3.1
PLW,2015,0.3
PNG,2015,0.7
POL,2015,29.3
PRE,2015,11.2334237952618
PRI,2015,2.0
PRK,2015,1.3
PRT,2015,7.5
PRY,2015,6.5
PSS,2015,3.12128167258152
PST,2015,16.9645003530201
PYF,2015,0.0
QAT,2015,0.8
ROU,2015,22.6
RUS,2015,7.6
RWA,2015,8.8
SAS,2015,4.18972975709542
SAU,2015,28.3
SDN,2015,1.9
SEN,2015,14.5
SGP,2015,2.5
SLB,2015,0.2
SLE,2015,3.3
SLV,2015,2.2
SRB,2015,6.7
SSA,2015,12.0791139854691
SSD,2015,15.5
SSF,2015,11.6118342727294
SST,2015,2.60871347426224
STP,2015,0.2
SUR,2015,8.5
SVK,2015,36.8
SVN,2015,54.1
SWE,2015,13.1
SWZ,2015,4.0
SYC,2015,0.1
SYR,2015,0.7
TCA,2015,0.4
TCD,2015,18.6
TEA,2015,7.34040645512126
TEC,2015,7.32303670811089
TGO,2015,21.8
THA,2015,12.5
TJK,2015,22.3
TKM,2015,3.2
TLA,2015,13.9582903741405
TLS,2015,3.3
TMN,2015,5.77967133827911
TON,2015,1.5
TSA,2015,4.18972975709542
TSS,2015,11.6118342727294
TTO,2015,2.0
TUN,2015,3.7
TUR,2015,0.2
TUV,2015,0.0
TZA,2015,26.0
UGA,2015,16.1
UKR,2015,3.9
UMC,2015,10.469102641018
URY,2015,1.7
USA,2015,20.1
UZB,2015,3.4
VCT,2015,0.5
VEN,2015,36.9
VGB,2015,0.1
VIR,2015,1.0
VNM,2015,2.9
VUT,2015,0.1
WLD,2015,12.1493661831455
WSM,2015,0.2
YEM,2015,0.6
ZAF,2015,11.7
ZMB,2015,38.0
ZWE,2015,26.7
ABW,2016,0.527983104540655
AFG,2016,0.104707040342723
AGO,2016,5.00471334206571
ALB,2016,13.1477494617734
AND,2016,21.1909302818394
ARE,2016,9.23566752233697
ARG,2016,7.52859334896618
ARM,2016,23.1090030789546
ASM,2016,8.70852175263238
ATG,2016,0.271690243750207
AUS,2016,28.5918417236676
AUT,2016,28.4439825865815
AZE,2016,5.51874580872895
BDI,2016,7.59254563428626
BEL,2016,24.5781622457406
BEN,2016,28.8719449693959
BFA,2016,15.084819776291
BGD,2016,4.88867647961894
BGR,2016,28.2871319536603
BHR,2016,1.69477264805221
BHS,2016,1.24025812422249
BIH,2016,1.45241014188329
BLR,2016,9.51125836698787
BLZ,2016,20.5917919778095
BMU,2016,0.0338708242033383
BOL,2016,30.8655154573011
BRA,2016,20.7372842292403
BRB,2016,0.0091662043125373
BRN,2016,8.98923250400346
BTN,2016,48.0073121564601
BWA,2016,29.1432918377963
CAF,2016,18.0648063941797
CAN,2016,6.47711948156826
CHE,2016,9.65051637879546
CHL,2016,13.5939050071834
CHN,2016,15.9392803086493
CIV,2016,14.8914750759545
CMR,2016,10.3820772995156
COD,2016,12.6343110542534
COG,2016,36.7093039291158
COL,2016,9.44644364805646
COM,2016,0.126191492899187
CPV,2016,2.60303687635575
CRI,2016,3.03546193741007
CUB,2016,7.18434684613918
CUW,2016,0.258181114051507
CYM,2016,0.103424001708164
CYP,2016,1.68711670729969
CZE,2016,21.6859243630073
DEU,2016,38.7268950286066
DJI,2016,1.32295288625376
DMA,2016,0.586134695785929
DNK,2016,17.7570683242766
DOM,2016,11.2019393392716
DZA,2016,7.10549985987089
ECU,2016,14.3964327518509
EGY,2016,11.551153494537
ERI,2016,4.8721871655296
ESP,2016,15.1956326397025
EST,2016,19.4868332703463
ETH,2016,18.4749520269516
FIN,2016,14.2109185358442
FJI,2016,0.989795911368608
FRA,2016,26.0807183526812
FRO,2016,0.0234924730862025
FSM,2016,0.0187205363154838
GAB,2016,12.0754505026703
GBR,2016,22.2620645199521
GEO,2016,6.44104820465337
GHA,2016,7.79423860912041
GIB,2016,13.1275909719024
GIN,2016,21.3673260076547
GMB,2016,1.36702543622438
GNB,2016,11.6202197089003
GNQ,2016,1.76532601049951
GRC,2016,8.56334528515359
GRD,2016,0.172574854343071
GRL,2016,22.3599788850636
GTM,2016,15.7067397650122
GUM,2016,0.0694251938612372
GUY,2016,5.30607683828947
HKG,2016,41.9047619047619
HND,2016,12.4289336910491
HRV,2016,23.5064099082696
HTI,2016,0.270169622711773
HUN,2016,22.6019271546287
IDN,2016,5.06335901930066
IMN,2016,4.29405702507729
IND,2016,3.47930598498439
IRL,2016,4.04293371670989
IRN,2016,7.66655342395126
IRQ,2016,1.54077890873295
ISL,2016,2.42174669591443
ISR,2016,8.58173027677053
ITA,2016,13.3464442429884
JAM,2016,1.40556650931052
JOR,2016,1.76535777731989
JPN,2016,2.09183621347664
KAZ,2016,3.18942507887438
KEN,2016,10.5050213796236
KGZ,2016,6.51440059612817
KHM,2016,20.6492772839727
KIR,2016,11.8173045605077
KNA,2016,0.246826850964049
KOR,2016,3.88526952835922
KWT,2016,10.9982704332786
LAO,2016,16.6822252710073
LBN,2016,1.04234132124352
LBR,2016,0.773224088935579
LBY,2016,0.288612427087619
LCA,2016,0.93310098500859
LIE,2016,42.4895272292041
LKA,2016,3.37879848480939
LSO,2016,0.259058862108542
LTU,2016,17.33919590185
LUX,2016,32.2692174714763
LVA,2016,17.5098922163384
MAF,2016,92.3513250022157
MAR,2016,18.5463660614773
MCO,2016,99.7200839748076
MDA,2016,4.15147892756405
MDG,2016,1.97284875372353
MDV,2016,0.0490018209813872
MEX,2016,6.75214757032193
MHL,2016,0.270441582922218
MKD,2016,9.65291179140907
MLI,2016,8.2315834186173
MLT,2016,6.36539055401746
MMR,2016,4.08911261867793
MNE,2016,2.63765558413277
MNG,2016,17.4032333072051
MNP,2016,33.2114779574643
MOZ,2016,13.4487105924863
MRT,2016,1.08074808124804
MUS,2016,0.0115432840393507
MWI,2016,16.8938673074221
MYS,2016,8.91348575727549
NAM,2016,23.2471318730565
NCL,2016,95.7641579007986
NER,2016,17.3171351250111
NGA,2016,11.6107349579734
NIC,2016,15.4797788522118
NLD,2016,17.8924581483262
NOR,2016,4.96242625971203
NPL,2016,23.6261039405048
NZL,2016,30.4786887810956
OMN,2016,1.0183041615309
PAK,2016,9.7949078821214
PAN,2016,5.23495043629487
PER,2016,13.1137339130108
PHL,2016,3.14138638190187
PLW,2016,82.9399513943563
PNG,2016,0.657996414830911
POL,2016,38.0371484381702
PRI,2016,2.02425214978926
PRK,2016,1.26053207722418
PRT,2016,9.09757449950512
PRY,2016,6.5103621832615
PYF,2016,0.0058550837191541
QAT,2016,0.778383955157715
ROU,2016,22.5799678343345
RUS,2016,7.61117652631545
RWA,2016,9.11516142086508
SAU,2016,4.04094603755622
SDN,2016,2.75330083929237
SEN,2016,14.4899514635033
SGP,2016,2.48665252687779
SLB,2016,0.15528252541981
SLE,2016,3.29728394383981
SLV,2016,2.15222717624485
SOM,2016,0.827283619408155
SRB,2016,6.14965014896773
SSD,2016,15.5015818826495
STP,2016,0.244162518792601
SUR,2016,8.48321297296984
SVK,2016,37.283515729079
SVN,2016,55.0920233425064
SWE,2016,12.8652828471003
SWZ,2016,4.095547390098
SXM,2016,5.0561797752809
SYC,2016,0.0513670647204141
SYR,2016,0.66292384624593
TCA,2016,0.387735700796855
TCD,2016,20.3544453722663
TGO,2016,21.7913330548002
THA,2016,12.5097447231165
TJK,2016,22.278588511869
TKM,2016,3.21223105882721
TLS,2016,4.42200884053989
TON,2016,1.52163261595664
TTO,2016,2.01452631474999
TUN,2016,5.20860952560716
TUR,2016,0.190624822703985
TUV,2016,0.0086072417233173
TZA,2016,30.8434525614166
UGA,2016,16.0640835978875
UKR,2016,3.86287620859695
URY,2016,2.32500934184476
USA,2016,26.326199718432
UZB,2016,3.3750589802659
VCT,2016,0.465862061493792
VEN,2016,36.9025423875064
VGB,2016,0.0743447440124602
VIR,2016,0.991597515787276
VNM,2016,2.92944743522906
VUT,2016,0.0907589290005189
WSM,2016,0.228551141091498
YEM,2016,0.605805312181478
ZAF,2016,12.9850092764781
ZMB,2016,38.0490508448198
ZWE,2016,27.2145424089062
ABW,2017,0.1
AFE,2017,12.3553883054037
AFG,2017,0.1
AFW,2017,12.5076761716752
AGO,2017,5.0
ALB,2017,13.5
AND,2017,26.7
ARB,2017,4.510071172597
ARE,2017,11.6
ARG,2017,7.5
ARM,2017,23.1
ASM,2017,8.7
ATG,2017,0.3
AUS,2017,29.7
AUT,2017,28.4
AZE,2017,5.5
BDI,2017,7.6
BEL,2017,24.7
BEN,2017,23.5
BFA,2017,14.9
BGD,2017,4.9
BGR,2017,28.3
BHR,2017,1.7
BHS,2017,8.6
BIH,2017,1.4
BLR,2017,9.4
BLZ,2017,20.6
BMU,2017,0.0
BOL,2017,30.9
BRA,2017,20.7
BRB,2017,0.0
BRN,2017,9.0
BTN,2017,48.0
BWA,2017,29.1
CAF,2017,18.1
CAN,2017,6.5
CEB,2017,27.7509304514696
CHE,2017,9.7
CHL,2017,13.9
CHN,2017,16.0
CIV,2017,14.9
CMR,2017,10.4
COD,2017,13.7
COG,2017,36.7
COL,2017,12.7
COM,2017,0.1
CPV,2017,0.0
CRI,2017,3.0
CSS,2017,6.29244900426619
CUB,2017,7.2
CUW,2017,0.3
CYM,2017,0.1
CYP,2017,1.7
CZE,2017,22.2
DEU,2017,38.8
DJI,2017,1.3
DMA,2017,0.7
DNK,2017,20.7
DOM,2017,11.2
DZA,2017,7.1
EAP,2017,7.44551682569594
EAR,2017,8.80447495288974
EAS,2017,15.4033620166799
ECA,2017,3.84098067661105
ECS,2017,10.7483840059478
ECU,2017,14.4
EGY,2017,11.5
EMU,2017,17.1016832072815
ERI,2017,3.0
ESP,2017,14.9
EST,2017,19.5
ETH,2017,18.5
EUU,2017,18.2528019487731
FCS,2017,8.45658224508181
FIN,2017,14.1
FJI,2017,1.0
FRA,2017,27.8
FRO,2017,0.0
FSM,2017,0.0
GAB,2017,25.1
GBR,2017,28.9
GEO,2017,6.4
GHA,2017,7.8
GIB,2017,13.2
GIN,2017,24.8
GMB,2017,1.4
GNB,2017,11.6
GNQ,2017,1.8
GRC,2017,8.6
GRD,2017,0.2
GRL,2017,22.4
GTM,2017,15.7
GUM,2017,0.1
GUY,2017,5.3
HIC,2017,16.6742221189188
HKG,2017,41.9
HND,2017,12.4
HPC,2017,13.7001961112831
HRV,2017,23.6
HTI,2017,0.3
HUN,2017,22.6
IBD,2017,11.4514504717845
IBT,2017,10.5509167408611
IDA,2017,8.43602686375538
IDB,2017,6.83900979778335
IDN,2017,5.1
IDX,2017,8.83809580401431
IMN,2017,3.7
IND,2017,3.5
IRL,2017,4.0
IRN,2017,7.7
IRQ,2017,1.5
ISL,2017,2.5
ISR,2017,8.6
ITA,2017,13.3
JAM,2017,1.4
JOR,2017,1.8
JPN,2017,10.0
KAZ,2017,3.2
KEN,2017,10.5
KGZ,2017,6.7
KHM,2017,20.6
KIR,2017,11.8
KNA,2017,0.3
KOR,2017,3.9
KWT,2017,11.0
LAC,2017,16.3842419215614
LAO,2017,16.7
LBN,2017,1.0
LBR,2017,1.2
LBY,2017,0.3
LCA,2017,0.9
LCN,2017,15.98633407096
LDC,2017,10.5998366722653
LIC,2017,10.1406338028355
LIE,2017,11.9
LKA,2017,3.4
LMC,2017,8.40186674900815
LMY,2017,10.4035955853312
LSO,2017,0.3
LTE,2017,11.9458297818255
LTU,2017,17.7
LUX,2017,40.9
LVA,2017,17.5
MAF,2017,92.0
MAR,2017,18.5
MCO,2017,99.4
MDA,2017,4.2
MDG,2017,2.4
MDV,2017,0.1
MEA,2017,5.56974286912038
MEX,2017,19.1
MHL,2017,0.3
MIC,2017,10.4430434501628
MKD,2017,9.7
MLI,2017,8.2
MLT,2017,6.4
MMR,2017,4.2
MNA,2017,6.05096793699137
MNE,2017,4.2
MNG,2017,17.7
MNP,2017,33.2
MOZ,2017,13.5
MRT,2017,1.1
MUS,2017,0.0
MWI,2017,17.4
MYS,2017,8.9
NAC,2017,17.0453158773992
NAM,2017,23.3
NCL,2017,95.7
NER,2017,17.3
NGA,2017,11.6
NIC,2017,15.5
NLD,2017,21.2
NOR,2017,5.1
NPL,2017,23.6
NZL,2017,30.5
OED,2017,19.1689508107875
OMN,2017,1.0
OSS,2017,1.2104774565402
PAK,2017,9.8
PAN,2017,5.2
PER,2017,13.1
PHL,2017,3.1
PLW,2017,82.9
PNG,2017,0.7
POL,2017,38.1
PRE,2017,11.9469527310507
PRI,2017,2.0
PRK,2017,1.2
PRT,2017,16.5
PRY,2017,6.5
PSE,2017,8.4
PSS,2017,6.65972417908754
PST,2017,19.9709617260898
PYF,2017,0.0
QAT,2017,4.7
ROU,2017,24.3
RUS,2017,7.6
RWA,2017,9.1
SAS,2017,4.18179752036675
SAU,2017,4.6
SDN,2017,2.8
SEN,2017,14.5
SGP,2017,2.5
SLB,2017,0.2
SLE,2017,3.3
SLV,2017,2.2
SRB,2017,6.6
SSA,2017,12.9083544170093
SSD,2017,15.5
SSF,2017,12.4087278018933
SST,2017,5.14713419645141
STP,2017,0.2
SUR,2017,8.5
SVK,2017,37.3
SVN,2017,54.0
SWE,2017,15.0
SWZ,2017,4.1
SXM,2017,8.1
SYC,2017,0.1
SYR,2017,0.7
TCA,2017,0.4
TCD,2017,20.4
TEA,2017,8.5438333512668
TEC,2017,7.4303521228753
TGO,2017,21.8
THA,2017,12.5
TJK,2017,22.3
TKM,2017,3.2
TLA,2017,16.4639173731372
TLS,2017,4.4
TMN,2017,6.04954939009497
TON,2017,1.5
TSA,2017,4.18179752036674
TSS,2017,12.4087278018933
TTO,2017,2.0
TUN,2017,5.2
TUR,2017,0.2
TUV,2017,0.0
TZA,2017,30.9
UGA,2017,16.1
UKR,2017,3.9
UMC,2017,11.5169773753338
URY,2017,2.3
USA,2017,26.6
UZB,2017,3.4
VCT,2017,0.5
VEN,2017,36.9
VGB,2017,0.0
VIR,2017,1.0
VNM,2017,2.9
VUT,2017,0.1
WLD,2017,13.5079829993928
WSM,2017,0.2
YEM,2017,0.6
ZAF,2017,13.0
ZMB,2017,37.9
ZWE,2017,27.2
ABW,2018,0.141163456065734
AFG,2018,0.104707034792812
AGO,2018,5.00471082728009
ALB,2018,13.5256825491485
AND,2018,26.7277247815139
ARE,2018,15.0438947733197
ARG,2018,7.40512875012761
ARM,2018,23.1105028060216
ASM,2018,8.71956554004454
ATG,2018,0.258339766209328
AUS,2018,29.7087937305528
AUT,2018,28.3979816556051
AZE,2018,5.51915683577014
BDI,2018,7.59147170587878
BEL,2018,24.6491730272904
BEN,2018,23.4719085609043
BFA,2018,14.9228805539331
BGD,2018,4.88864858128713
BGR,2018,28.2969904804196
BHR,2018,1.68635200570205
BHS,2018,8.55510641678468
BIH,2018,1.39514750796966
BLR,2018,9.35349335261767
BLZ,2018,20.5904509930421
BMU,2018,0.0003901370139002
BOL,2018,30.8654914952935
BRA,2018,28.5782526119273
BRB,2018,0.0088736150554484
BRN,2018,8.98950185960816
BTN,2018,48.0078510451912
BWA,2018,29.1432374214094
CAF,2018,18.0648242198926
CAN,2018,6.47719362274678
CHE,2018,9.66518426119507
CHL,2018,27.0392385768099
CHN,2018,14.5876416474392
CIV,2018,14.8915471093909
CMR,2018,10.3821451142253
COD,2018,13.7567562191358
COG,2018,36.8382795180106
COL,2018,15.6885212658182
COM,2018,0.125684891164512
CPV,2018,0.0155917052278871
CRI,2018,3.03538959317313
CUB,2018,7.18462280816919
CUW,2018,0.258715834177835
CYM,2018,0.1034531661285
CYP,2018,1.68708521970488
CZE,2018,22.1556760039807
DEU,2018,38.7874034693079
DJI,2018,1.23209428640264
DMA,2018,0.673332200010968
DNK,2018,17.9276418331277
DOM,2018,19.2157370412977
DZA,2018,7.10549311732352
ECU,2018,14.955139706334
EGY,2018,11.5507970192091
ERI,2018,2.95834092932792
ESP,2018,14.9740098076054
EST,2018,19.508099047707
ETH,2018,18.4749603066502
FIN,2018,14.1603139347862
FJI,2018,0.990369350346329
FRA,2018,33.2074996806332
FRO,2018,0.0233716786944293
FSM,2018,0.0157814365656374
GAB,2018,25.1293640958956
GBR,2018,28.8252338951318
GEO,2018,6.44294931342771
GHA,2018,7.79471942096576
GIB,2018,13.1593352299108
GIN,2018,24.7992849458716
GMB,2018,1.36615407157188
GNB,2018,11.6199334552951
GNQ,2018,1.76531204067703
GRC,2018,11.0283505287585
GRD,2018,0.222068705409949
GRL,2018,22.3782828633614
GTM,2018,10.121112637184
GUM,2018,0.071134098908744
GUY,2018,5.30607734786502
HKG,2018,48.9255047485728
HND,2018,10.8637009278591
HRV,2018,23.5817265852557
HTI,2018,0.353092294045252
HUN,2018,22.5975581595624
IDN,2018,5.26823344567267
IMN,2018,4.22910719476977
IND,2018,3.47930689489956
IRL,2018,4.04223100626643
IRN,2018,7.6665206734854
IRQ,2018,1.53132758698647
ISL,2018,2.50646684968118
ISR,2018,8.58271221861595
ITA,2018,13.3653061047713
JAM,2018,1.40564285524534
JOR,2018,1.80598714296253
JPN,2018,10.0262887092871
KAZ,2018,3.21716402649566
KEN,2018,10.5050828924669
KGZ,2018,6.7026929831278
KHM,2018,20.649495414341
KIR,2018,11.8210466833858
KNA,2018,0.250803474209924
KOR,2018,3.99024573773508
KWT,2018,10.9989577458097
LAO,2018,16.6822056274146
LBN,2018,1.04272663197996
LBR,2018,1.21108630778072
LBY,2018,0.28857344034883
LCA,2018,0.931020062296175
LIE,2018,11.9351041815516
LKA,2018,3.37864252327298
LSO,2018,0.261388681242792
LTU,2018,17.7642086947157
LUX,2018,40.8727413785501
LVA,2018,17.5110476673142
MAF,2018,91.9870071870023
MAR,2018,18.446888209998
MCO,2018,99.459571201349
MDA,2018,4.1505345485515
MDG,2018,2.34594786584438
MDV,2018,0.0518873782696889
MEX,2018,19.0562399200344
MHL,2018,0.270441119827786
MKD,2018,9.65406515792626
MLI,2018,8.2316100550726
MLT,2018,6.40936429280157
MMR,2018,4.61941895301145
MNE,2018,4.16037736573469
MNG,2018,17.7138825654778
MNP,2018,33.234124272071
MOZ,2018,13.4487158907383
MRT,2018,1.08070301487219
MUS,2018,0.0114734196747547
MWI,2018,22.8760477102777
MYS,2018,8.98554474171629
NAM,2018,23.2471700646525
NCL,2018,96.0127624537845
NER,2018,17.3170925189084
NGA,2018,11.6106996068528
NIC,2018,15.507104242217
NLD,2018,21.2099164976154
NOR,2018,5.06077998767431
NPL,2018,23.6260419833246
NZL,2018,30.5050632239854
OMN,2018,1.01831171985263
PAK,2018,9.7949542203294
PAN,2018,5.23498101828947
PER,2018,13.1411661261544
PHL,2018,3.14140839390029
PLW,2018,82.9423566073058
PNG,2018,0.657989653388862
POL,2018,38.0635379967455
PRI,2018,2.01677151753314
PRK,2018,1.26022344438817
PRT,2018,16.8854244048969
PRY,2018,14.3147360800329
PYF,2018,0.0058503971148098
QAT,2018,4.72319541989257
ROU,2018,24.3099366537139
RUS,2018,7.61624908474412
RWA,2018,9.11408907313889
SAU,2018,4.52837236301312
SDN,2018,2.75327389762586
SEN,2018,14.5770722670553
SGP,2018,2.46306282917716
SLB,2018,0.155319976394379
SLE,2018,3.2969497958773
SLV,2018,2.15167925790249
SRB,2018,6.61310734024646
SSD,2018,15.5015012515745
STP,2018,0.244688365296076
SUR,2018,8.48307368434299
SVK,2018,37.6304133373472
SVN,2018,55.0732581875932
SWE,2018,14.9669469297684
SWZ,2018,4.23300820628733
SXM,2018,8.09845074272912
SYC,2018,0.0513686681320179
SYR,2018,0.662806451357412
TCA,2018,0.387451664312368
TCD,2018,20.3544358034532
TGO,2018,21.7910925889806
THA,2018,12.5097581187036
TJK,2018,22.2786610881726
TKM,2018,3.21223845567095
TLS,2018,4.42304453978833
TON,2018,1.52165140342354
TTO,2018,2.01442316051301
TUN,2018,5.20859939962545
TUR,2018,0.190652366562585
TUV,2018,0.0085940421362336
TZA,2018,30.9703296098506
UGA,2018,16.0639496289362
UKR,2018,3.88167902094994
URY,2018,2.29507712745326
USA,2018,26.328083601169
UZB,2018,3.37521371527249
VCT,2018,0.466562636505707
VEN,2018,36.9025524393404
VGB,2018,0.0239265980805522
VIR,2018,0.983624337365397
VNM,2018,2.92950692092655
VUT,2018,0.090716740815002
WSM,2018,0.242263364980923
YEM,2018,0.605801443960698
ZAF,2018,10.2606485926041
ZMB,2018,37.8700104508234
ZWE,2018,27.2145851759137
ABW,2019,0.1
AFE,2019,12.4451248014532
AFG,2019,0.1
AFW,2019,12.5339186850519
AGO,2019,5.0
ALB,2019,14.2
AND,2019,26.7
ARB,2019,4.13992293651636
ARE,2019,15.0
ARG,2019,9.4
ARM,2019,24.3
ASM,2019,8.7
ATG,2019,0.3
AUS,2019,29.9
AUT,2019,28.4
AZE,2019,5.5
BDI,2019,7.6
BEL,2019,26.1
BEN,2019,23.5
BFA,2019,14.9
BGD,2019,4.9
BGR,2019,32.8
BHR,2019,1.7
BHS,2019,8.6
BIH,2019,1.4
BLR,2019,9.4
BLZ,2019,20.6
BMU,2019,0.0
BOL,2019,30.9
BRA,2019,29.2
BRB,2019,0.0
BRN,2019,9.0
BTN,2019,48.0
BWA,2019,29.1
CAF,2019,18.1
CAN,2019,8.1
CEB,2019,28.2834257185072
CHE,2019,10.0
CHL,2019,37.6
CHN,2019,14.7
CIV,2019,14.9
CMR,2019,10.9
COD,2019,13.8
COG,2019,36.8
COL,2019,15.7
COM,2019,0.1
CPV,2019,0.0
CRI,2019,4.7
CSS,2019,6.29624239773555
CUB,2019,6.7
CUW,2019,0.3
CYM,2019,0.1
CYP,2019,3.4
CZE,2019,22.2
DEU,2019,38.5
DJI,2019,1.2
DMA,2019,0.6
DNK,2019,17.7
DOM,2019,19.2
DZA,2019,7.1
EAP,2019,7.13784048552293
EAR,2019,8.90898909007816
EAS,2019,15.4236188353157
ECA,2019,3.8867122733416
ECS,2019,11.0335138677006
ECU,2019,15.0
EGY,2019,11.6
EMU,2019,18.8169001249586
ERI,2019,3.0
ESP,2019,17.9
EST,2019,19.7
ETH,2019,17.6
EUU,2019,19.6657101603484
FCS,2019,8.11669436336502
FIN,2019,13.1
FJI,2019,1.0
FRA,2019,35.0
FRO,2019,0.0
FSM,2019,0.0
GAB,2019,25.1
GBR,2019,29.0
GEO,2019,7.2
GHA,2019,7.8
GIB,2019,13.2
GIN,2019,24.8
GMB,2019,1.4
GNB,2019,11.6
GNQ,2019,1.8
GRC,2019,11.0
GRD,2019,0.2
GRL,2019,22.4
GTM,2019,10.1
GUM,2019,0.1
GUY,2019,5.2
HIC,2019,18.1188107791456
HKG,2019,41.9
HND,2019,10.9
HPC,2019,13.0187178967466
HRV,2019,23.6
HTI,2019,2.5
HUN,2019,22.6
IBD,2019,13.5371526228102
IBT,2019,11.9172261010426
IDA,2019,8.21827275380958
IDB,2019,6.87157863642375
IDN,2019,5.3
IDX,2019,8.54564089811053
IMN,2019,5.5
IND,2019,3.5
IRL,2019,4.0
IRN,2019,7.7
IRQ,2019,1.5
ISL,2019,2.7
ISR,2019,10.5
ITA,2019,13.3
JAM,2019,1.4
JOR,2019,3.1
JPN,2019,10.0
KAZ,2019,3.2
KEN,2019,10.5
KGZ,2019,6.7
KHM,2019,20.6
KIR,2019,11.8
KNA,2019,4.5
KOR,2019,5.5
KWT,2019,10.7
LAC,2019,20.2591902597842
LAO,2019,16.7
LBN,2019,1.0
LBR,2019,1.2
LBY,2019,0.3
LCA,2019,0.9
LCN,2019,21.6566598253943
LDC,2019,10.1966688132436
LIC,2019,9.35078120183984
LIE,2019,42.2
LKA,2019,3.4
LMC,2019,8.46234708868649
LMY,2019,11.0983472771991
LSO,2019,0.3
LTE,2019,14.7809344230282
LTU,2019,17.8
LUX,2019,51.2
LVA,2019,17.5
MAF,2019,92.0
MAR,2019,18.4
MCO,2019,99.4
MDA,2019,4.2
MDG,2019,2.3
MDV,2019,0.1
MEA,2019,5.60887242837277
MEX,2019,18.9
MHL,2019,0.3
MIC,2019,11.3819644933215
MKD,2019,10.6
MLI,2019,8.2
MLT,2019,7.6
MMR,2019,3.8
MNA,2019,6.06733489642279
MNE,2019,6.9
MNG,2019,17.7
MNP,2019,33.2
MOZ,2019,13.4
MRT,2019,1.1
MUS,2019,0.0
MWI,2019,22.9
MYS,2019,9.0
NAC,2019,17.6192352771221
NAM,2019,23.2
NCL,2019,95.8
NER,2019,17.3
NGA,2019,11.6
NIC,2019,15.5
NLD,2019,25.3
NOR,2019,5.0
NPL,2019,23.6
NZL,2019,30.6
OED,2019,20.9318586998117
OMN,2019,1.0
OSS,2019,4.81446883041961
PAK,2019,9.8
PAN,2019,5.2
PER,2019,13.3
PHL,2019,3.1
PLW,2019,100.0
PNG,2019,0.7
POL,2019,38.1
PRE,2019,11.4350346100418
PRI,2019,2.0
PRK,2019,1.3
PRT,2019,16.9
PRY,2019,14.3
PSE,2019,8.4
PSS,2019,7.31482143599297
PST,2019,20.4938244973825
PYF,2019,0.0
QAT,2019,4.7
ROU,2019,24.4
RUS,2019,7.6
RWA,2019,9.1
SAS,2019,4.18179752036674
SAU,2019,4.5
SDN,2019,2.8
SEN,2019,14.6
SGP,2019,2.5
SLB,2019,0.1
SLE,2019,3.3
SLV,2019,2.2
SOM,2019,0.0
SRB,2019,7.6
SSA,2019,12.3494852573387
SSD,2019,15.5
SSF,2019,12.4749897861654
SST,2019,6.55439978775685
STP,2019,0.2
SUR,2019,8.5
SVK,2019,37.6
SVN,2019,54.0
SWE,2019,14.6
SWZ,2019,4.3
SXM,2019,8.1
SYC,2019,15.7
SYR,2019,0.7
TCA,2019,0.4
TCD,2019,20.4
TEA,2019,8.47934536207553
TEC,2019,7.46118924723757
TGO,2019,21.8
THA,2019,12.5
TJK,2019,22.3
TKM,2019,3.2
TLA,2019,22.3960673655918
TLS,2019,5.2
TMN,2019,6.06592623329932
TON,2019,0.1
TSA,2019,4.18179752036674
TSS,2019,12.4749897861654
TTO,2019,2.0
TUN,2019,5.2
TUR,2019,0.2
TUV,2019,0.0
TZA,2019,31.0
UGA,2019,16.1
UKR,2019,3.9
UMC,2019,12.9180765690587
URY,2019,2.4
USA,2019,26.3
UZB,2019,3.4
VCT,2019,0.5
VEN,2019,36.9
VGB,2019,0.0
VIR,2019,1.0
VNM,2019,2.9
VUT,2019,0.1
WLD,2019,14.5337172802786
WSM,2019,0.2
YEM,2019,0.6
ZAF,2019,11.8
ZMB,2019,41.3
ZWE,2019,27.2
ABW,2020,0.1
AFE,2020,13.7378764381345
AFG,2020,3.6
AFW,2020,12.5600983838717
AGO,2020,5.0
ALB,2020,14.2
AND,2020,26.7
ARB,2020,3.09304456843097
ARE,2020,15.9
ARG,2020,9.4
ARM,2020,24.3
ASM,2020,0.0
ATG,2020,0.4
AUS,2020,30.4
AUT,2020,29.1
AZE,2020,5.5
BDI,2020,7.6
BEL,2020,17.6
BEN,2020,23.5
BFA,2020,16.4
BGD,2020,4.9
BGR,2020,33.1
BHR,2020,1.7
BHS,2020,8.6
BIH,2020,3.6
BLR,2020,9.4
BLZ,2020,21.1
BMU,2020,0.0
BOL,2020,30.9
BRA,2020,29.2
BRB,2020,0.0
BRN,2020,9.0
BTN,2020,49.7
BWA,2020,29.1
CAF,2020,18.1
CAN,2020,9.5
CEB,2020,28.1277292850983
CHE,2020,12.0
CHL,2020,37.8
CHN,2020,14.7
CIV,2020,14.9
CMR,2020,10.9
COD,2020,13.8
COG,2020,33.3
COL,2020,17.0
COM,2020,0.7
CPV,2020,0.0
CRI,2020,4.8
CSS,2020,6.31976082013558
CUB,2020,6.7
CUW,2020,0.3
CYM,2020,0.1
CYP,2020,11.2
CZE,2020,22.2
DEU,2020,38.8
DJI,2020,1.2
DMA,2020,0.6
DNK,2020,17.9
DOM,2020,19.2
DZA,2020,4.4
EAP,2020,7.27684217467316
EAR,2020,8.94894518455168
EAS,2020,15.5451685124365
ECA,2020,7.69467112297058
ECS,2020,12.3665699437316
ECU,2020,15.1
EGY,2020,11.6
EMU,2020,19.1350464247785
ERI,2020,3.0
ESP,2020,17.9
EST,2020,20.1
ETH,2020,16.1
EUU,2020,19.9381055830926
FCS,2020,8.38594131755679
FIN,2020,13.0
FJI,2020,1.0
FRA,2020,36.2
FRO,2020,0.0
FSM,2020,0.0
GAB,2020,25.1
GBR,2020,40.3
GEO,2020,7.2
GHA,2020,7.7
GIB,2020,0.1
GIN,2020,24.9
GMB,2020,2.9
GNB,2020,13.2
GNQ,2020,1.8
GRC,2020,11.0
GRD,2020,0.2
GRL,2020,22.4
GTM,2020,10.1
GUM,2020,0.0
GUY,2020,5.2
HIC,2020,18.5257272484461
HKG,2020,41.9
HND,2020,11.0
HPC,2020,13.2881770340125
HRV,2020,23.9
HTI,2020,2.5
HUN,2020,22.6
IBD,2020,14.1311835246992
IBT,2020,12.39640363368
IDA,2020,8.43519317235829
IDB,2020,6.84842247667093
IDN,2020,5.3
IDX,2020,8.8209215804445
IMN,2020,5.5
IND,2020,3.5
IRL,2020,4.0
IRN,2020,7.7
IRQ,2020,1.5
ISL,2020,2.8
ISR,2020,10.5
ITA,2020,14.0
JAM,2020,1.4
JOR,2020,4.5
JPN,2020,10.0
KAZ,2020,11.7
KEN,2020,10.5
KGZ,2020,6.7
KHM,2020,31.8
KIR,2020,11.8
KNA,2020,4.5
KOR,2020,5.8
KWT,2020,10.7
LAC,2020,20.2828274681663
LAO,2020,18.7
LBN,2020,1.0
LBR,2020,1.2
LBY,2020,0.2
LCA,2020,0.9
LCN,2020,21.8739197659597
LDC,2020,10.6052706576068
LIC,2020,9.87934631812334
LIE,2020,42.6
LKA,2020,3.4
LMC,2020,8.22781151292823
LMY,2020,11.2862576493214
LSO,2020,0.5
LTE,2020,15.6438286114818
LTU,2020,17.8
LUX,2020,51.2
LVA,2020,17.5
MAF,2020,92.0
MAR,2020,2.8
MCO,2020,99.4
MDA,2020,4.2
MDG,2020,3.1
MDV,2020,0.1
MEA,2020,4.34050555371124
MEX,2020,18.9
MHL,2020,0.3
MIC,2020,11.5145890873779
MKD,2020,9.0
MLI,2020,7.5
MLT,2020,7.6
MMR,2020,3.9
MNA,2020,4.37275254425894
MNE,2020,9.0
MNG,2020,19.8
MNP,2020,32.0
MOZ,2020,18.0
MRT,2020,1.1
MUS,2020,0.0
MWI,2020,22.9
MYS,2020,7.5
NAC,2020,16.9908578513897
NAM,2020,23.2
NCL,2020,95.8
NER,2020,18.2
NGA,2020,11.6
NIC,2020,10.0
NLD,2020,25.3
NOR,2020,5.7
NPL,2020,23.6
NZL,2020,30.6
OED,2020,20.9711387753448
OMN,2020,1.0
OSS,2020,8.86157252527605
PAK,2020,9.8
PAN,2020,15.3
PER,2020,13.3
PHL,2020,3.1
PLW,2020,100.0
PNG,2020,0.7
POL,2020,38.0
PRE,2020,11.8345056370539
PRI,2020,2.1
PRK,2020,1.3
PRT,2020,17.1
PRY,2020,14.3
PSE,2020,8.4
PSS,2020,7.31577299776534
PST,2020,20.4970240916258
PYF,2020,0.0
QAT,2020,5.8
ROU,2020,24.4
RUS,2020,8.6
RWA,2020,9.1
SAS,2020,4.44045744959472
SAU,2020,4.5
SDN,2020,2.8
SEN,2020,14.6
SGP,2020,2.5
SLB,2020,0.1
SLE,2020,3.3
SLV,2020,2.1
SOM,2020,0.0
SRB,2020,7.6
SSA,2020,12.5845041443168
SSD,2020,15.5
SSF,2020,13.3417419054469
SST,2020,7.6589404179916
STP,2020,0.2
SUR,2020,8.5
SVK,2020,37.6
SVN,2020,40.0
SWE,2020,14.7
SWZ,2020,4.3
SXM,2020,8.1
SYC,2020,32.8
SYR,2020,0.7
TCA,2020,0.4
TCD,2020,21.0
TEA,2020,8.6171540571234
TEC,2020,9.02187335838904
TGO,2020,22.1
THA,2020,13.3
TJK,2020,22.3
TKM,2020,3.2
TLA,2020,22.623016582931
TLS,2020,5.2
TMN,2020,4.3703205470677
TON,2020,0.1
TSA,2020,4.44045744959472
TSS,2020,13.3417419054469
TTO,2020,2.0
TUN,2020,5.2
TUR,2020,0.2
TUV,2020,0.0
TZA,2020,31.0
UGA,2020,16.1
UKR,2020,4.2
UMC,2020,13.2438768750035
URY,2020,2.4
USA,2020,23.9
UZB,2020,5.8
VCT,2020,0.5
VEN,2020,39.0
VGB,2020,0.0
VIR,2020,0.6
VNM,2020,2.9
VUT,2020,0.1
WLD,2020,14.834800973118
WSM,2020,0.3
YEM,2020,0.6
ZAF,2020,12.4
ZMB,2020,41.3
ZWE,2020,27.2
ABW,2021,0.1
AFE,2021,13.7671887566972
AFG,2021,3.6
AFW,2021,12.6611203789468
AGO,2021,5.0
ALB,2021,14.2
AND,2021,26.9
ARB,2021,3.06846880635519
ARE,2021,15.9
ARG,2021,9.4
ARM,2021,24.3
ASM,2021,8.7
ATG,2021,0.4
AUS,2021,32.1
AUT,2021,29.3
AZE,2021,5.5
BDI,2021,7.6
BEL,2021,17.8
BEN,2021,23.5
BFA,2021,16.4
BGD,2021,4.9
BGR,2021,33.1
BHR,2021,1.7
BHS,2021,8.6
BIH,2021,4.0
BLR,2021,13.8
BLZ,2021,21.1
BMU,2021,0.0
BOL,2021,30.9
BRA,2021,29.3
BRB,2021,0.0
BRN,2021,9.0
BTN,2021,49.7
BWA,2021,29.1
CAF,2021,18.1
CAN,2021,10.8
CEB,2021,28.1352711737238
CHE,2021,12.1
CHL,2021,37.8
CHN,2021,14.7
CIV,2021,14.9
CMR,2021,11.0
COD,2021,13.8
COG,2021,33.3
COL,2021,17.0
COM,2021,0.7
CPV,2021,0.0
CRI,2021,4.8
CSS,2021,6.31976082013558
CUB,2021,6.7
CUW,2021,0.3
CYM,2021,0.1
CYP,2021,11.2
CZE,2021,22.2
DEU,2021,38.5
DJI,2021,1.2
DMA,2021,0.6
DNK,2021,17.9
DOM,2021,19.2
DZA,2021,4.4
EAP,2021,7.33055354306765
EAR,2021,9.22206467856166
EAS,2021,16.213951278978
ECA,2021,9.62019287975092
ECS,2021,12.8982828572295
ECU,2021,15.3
EGY,2021,11.6
EMU,2021,19.2053452230243
ERI,2021,0.0
ESP,2021,17.9
EST,2021,20.2
ETH,2021,17.0
EUU,2021,20.0023510762557
FCS,2021,8.555488425871
FIN,2021,13.1
FJI,2021,1.0
FRA,2021,36.4
FRO,2021,0.0
FSM,2021,0.0
GAB,2021,25.1
GBR,2021,39.9
GEO,2021,7.2
GHA,2021,7.7
GIB,2021,0.1
GIN,2021,26.1
GMB,2021,2.9
GNB,2021,13.2
GNQ,2021,1.8
GRC,2021,11.0
GRD,2021,0.2
GRL,2021,22.6
GTM,2021,10.1
GUM,2021,0.0
GUY,2021,5.2
HIC,2021,18.0406483323611
HKG,2021,41.9
HND,2021,11.0
HPC,2021,13.3550706882058
HRV,2021,23.9
HTI,2021,2.8
HUN,2021,22.6
IBD,2021,14.3227017202164
IBT,2021,12.54285133215
IDA,2021,8.4679580061201
IDB,2021,6.8532451471602
IDN,2021,5.3
IDX,2021,8.86047888030548
IMN,2021,5.5
IND,2021,4.4
IRL,2021,4.0
IRN,2021,7.7
IRQ,2021,1.5
ISL,2021,2.8
ISR,2021,10.5
ITA,2021,14.5
JAM,2021,1.4
JOR,2021,4.5
JPN,2021,15.2
KAZ,2021,11.7
KEN,2021,10.5
KGZ,2021,6.7
KHM,2021,31.8
KIR,2021,11.8
KNA,2021,4.5
KOR,2021,5.9
KWT,2021,10.7
LAC,2021,20.3587095445306
LAO,2021,18.7
LBN,2021,0.8
LBR,2021,1.2
LBY,2021,0.2
LCA,2021,0.9
LCN,2021,22.0606274870485
LDC,2021,10.6556753075426
LIC,2021,9.92400273771925
LIE,2021,42.6
LKA,2021,3.4
LMC,2021,8.38111792643527
LMY,2021,11.4609263812821
LSO,2021,0.5
LTE,2021,15.6715910840967
LTU,2021,17.8
LUX,2021,51.3
LVA,2021,17.5
MAF,2021,92.0
MAR,2021,1.6
MCO,2021,99.2
MDA,2021,11.4
MDG,2021,3.1
MDV,2021,0.1
MEA,2021,4.31090398835723
MEX,2021,18.9
MHL,2021,0.3
MIC,2021,11.7103578684952
MKD,2021,12.5
MLI,2021,7.5
MLT,2021,7.6
MMR,2021,3.9
MNA,2021,4.29211097168445
MNE,2021,9.0
MNG,2021,19.8
MNP,2021,33.1
MOZ,2021,18.0
MRT,2021,1.1
MUS,2021,0.0
MWI,2021,22.9
MYS,2021,8.8
NAC,2021,13.3547664469745
NAM,2021,23.2
NCL,2021,95.8
NER,2021,18.2
NGA,2021,11.6
NIC,2021,10.0
NLD,2021,25.3
NOR,2021,15.1
NPL,2021,23.6
NRU,2021,0.0
NZL,2021,30.6
OED,2021,20.2767267365454
OMN,2021,1.5
OSS,2021,8.8629452745931
PAK,2021,9.8
PAN,2021,27.7
PER,2021,13.7
PHL,2021,3.7
PLW,2021,100.0
PNG,2021,0.7
POL,2021,38.0
PRE,2021,11.8580398023558
PRI,2021,2.1
PRK,2021,1.3
PRT,2021,17.1
PRY,2021,14.3
PSE,2021,8.4
PSS,2021,7.15927263990737
PST,2021,19.689549452438
PYF,2021,0.0
QAT,2021,5.8
ROU,2021,24.4
RUS,2021,8.6
RWA,2021,9.1
SAS,2021,4.9789909515314
SAU,2021,4.5
SDN,2021,2.8
SEN,2021,15.5
SGP,2021,2.5
SLB,2021,0.1
SLE,2021,5.1
SLV,2021,2.1
SOM,2021,0.0
SRB,2021,7.6
SSA,2021,12.6400146645451
SSD,2021,15.5
SSF,2021,13.3951730969089
SST,2021,7.55207421901414
STP,2021,0.2
SUR,2021,8.5
SVK,2021,37.6
SVN,2021,40.1
SWE,2021,14.8
SWZ,2021,4.3
SXM,2021,8.2
SYC,2021,32.8
SYR,2021,0.7
TCA,2021,0.4
TCD,2021,21.0
TEA,2021,8.60846886182311
TEC,2021,9.42399205633631
TGO,2021,22.1
THA,2021,13.3
TJK,2021,22.3
TKM,2021,3.2
TLA,2021,22.8177578412549
TLS,2021,5.2
TMN,2021,4.28963027619986
TON,2021,0.1
TSA,2021,4.9789909515314
TSS,2021,13.3951730969089
TTO,2021,2.0
TUN,2021,5.2
TUR,2021,5.7
TUV,2021,0.0
TZA,2021,31.0
UGA,2021,16.1
UKR,2021,12.3
UMC,2021,13.4619865818691
URY,2021,2.4
USA,2021,15.9
UZB,2021,5.8
VCT,2021,0.5
VEN,2021,39.0
VGB,2021,0.0
VIR,2021,1.0
VNM,2021,2.9
VUT,2021,0.1
WLD,2021,14.7028789439081
WSM,2021,0.3
YEM,2021,0.6
ZAF,2021,12.5
ZMB,2021,41.3
ZWE,2021,27.2
ABW,2022,0.1
AFE,2022,13.7946089202179
AFG,2022,3.6
AFW,2022,12.6634538874703
AGO,2022,5.0
ALB,2022,14.2
AND,2022,26.9
ARB,2022,3.07804618018888
ARE,2022,15.9
ARG,2022,9.6
ARM,2022,24.7
ASM,2022,8.7
ATG,2022,0.4
AUS,2022,32.1
AUT,2022,29.5
AZE,2022,5.5
BDI,2022,7.6
BEL,2022,17.8
BEN,2022,23.5
BFA,2022,16.4
BGD,2022,4.9
BGR,2022,33.1
BHR,2022,20.5
BHS,2022,8.6
BIH,2022,4.1
BLR,2022,13.8
BLZ,2022,21.1
BMU,2022,0.0
BOL,2022,30.9
BRA,2022,29.3
BRB,2022,0.0
BRN,2022,9.0
BTN,2022,49.7
BWA,2022,29.1
CAF,2022,18.1
CAN,2022,11.4
CEB,2022,28.1352711737238
CHE,2022,12.1
CHL,2022,37.9
CHN,2022,14.7
CIV,2022,14.9
CMR,2022,11.0
COD,2022,13.8
COG,2022,33.3
COL,2022,16.7
COM,2022,0.7
CPV,2022,0.0
CRI,2022,28.8
CSS,2022,6.31976082013558
CUB,2022,6.7
CUW,2022,0.3
CYM,2022,0.1
CYP,2022,11.2
CZE,2022,22.2
DEU,2022,38.7
DJI,2022,1.2
DMA,2022,0.6
DNK,2022,17.9
DOM,2022,18.7
DZA,2022,4.4
EAP,2022,7.33438301094439
EAR,2022,9.43280747391341
EAS,2022,16.2161164379245
ECA,2022,9.65895161673521
ECS,2022,12.9082081962178
ECU,2022,20.0
EGY,2022,11.6
EMU,2022,19.2655741154234
ERI,2022,0.0
ESP,2022,17.9
EST,2022,20.2
ETH,2022,17.0
EUU,2022,20.0964494764912
FCS,2022,8.56053480281655
FIN,2022,13.1
FJI,2022,1.0
FRA,2022,36.6
FRO,2022,0.0
FSM,2022,0.0
GAB,2022,25.1
GBR,2022,39.9
GEO,2022,8.5
GHA,2022,7.7
GIB,2022,0.0
GIN,2022,26.1
GMB,2022,2.9
GNB,2022,13.4
GNQ,2022,1.8
GRC,2022,11.0
GRD,2022,0.2
GRL,2022,22.4
GTM,2022,10.1
GUM,2022,0.0
GUY,2022,5.2
HIC,2022,18.1252784780851
HKG,2022,41.9
HND,2022,11.0
HPC,2022,13.3656569377071
HRV,2022,23.9
HTI,2022,2.8
HUN,2022,22.6
IBD,2022,14.5767836175635
IBT,2022,12.7214107656202
IDA,2022,8.47361190433814
IDB,2022,6.83931561691166
IDN,2022,5.3
IDX,2022,8.87089331809474
IMN,2022,5.5
IND,2022,4.4
IRL,2022,4.0
IRN,2022,7.7
IRQ,2022,1.5
ISL,2022,2.9
ISR,2022,10.5
ITA,2022,14.5
JAM,2022,1.6
JOR,2022,4.5
JPN,2022,15.2
KAZ,2022,11.7
KEN,2022,10.3
KGZ,2022,6.7
KHM,2022,31.8
KIR,2022,11.8
KNA,2022,4.5
KOR,2022,5.9
KWT,2022,10.7
LAC,2022,21.2677579583583
LAO,2022,18.7
LBN,2022,0.8
LBR,2022,1.2
LBY,2022,0.2
LCA,2022,0.9
LCN,2022,22.7873085485187
LDC,2022,10.6689455785897
LIC,2022,9.92549756059686
LIE,2022,42.6
LKA,2022,3.4
LMC,2022,8.38768146478914
LMY,2022,11.6815782769355
LSO,2022,0.5
LTE,2022,15.8656915068641
LTU,2022,17.8
LUX,2022,55.8
LVA,2022,17.5
MAF,2022,92.0
MAR,2022,1.6
MCO,2022,99.2
MDA,2022,11.4
MDG,2022,3.1
MDV,2022,0.1
MEA,2022,4.32243995849657
MEX,2022,19.0
MHL,2022,0.3
MIC,2022,11.9665773571287
MKD,2022,15.4
MLI,2022,7.5
MLT,2022,7.6
MMR,2022,3.9
MNA,2022,4.29211097168445
MNE,2022,9.2
MNG,2022,19.8
MNP,2022,33.1
MOZ,2022,18.0
MRT,2022,1.1
MUS,2022,0.0
MWI,2022,22.9
MYS,2022,8.8
NAC,2022,13.6294892166332
NAM,2022,23.2
NCL,2022,95.8
NER,2022,18.2
NGA,2022,11.6
NIC,2022,10.0
NLD,2022,25.3
NOR,2022,15.2
NPL,2022,23.6
NRU,2022,0.0
NZL,2022,30.6
OED,2022,20.5884660494075
OMN,2022,1.5
OSS,2022,8.90427743992206
PAK,2022,9.8
PAN,2022,27.7
PER,2022,16.8
PHL,2022,3.7
PLW,2022,100.0
PNG,2022,0.7
POL,2022,38.0
PRE,2022,11.8628769723647
PRI,2022,2.1
PRK,2022,1.3
PRT,2022,17.2
PRY,2022,14.3
PSE,2022,8.4
PSS,2022,7.1705611280867
PST,2022,19.8379339405112
PYF,2022,0.0
QAT,2022,5.8
ROU,2022,24.4
RUS,2022,8.6
RWA,2022,9.1
SAS,2022,4.9789909515314
SAU,2022,4.5
SDN,2022,2.8
SEN,2022,15.5
SGP,2022,2.5
SLB,2022,0.2
SLE,2022,5.1
SLV,2022,2.1
SOM,2022,0.0
SRB,2022,8.1
SSA,2022,12.6597358917307
SSD,2022,15.5
SSF,2022,13.414155600789
SST,2022,7.57056034118234
STP,2022,0.2
SUR,2022,8.5
SVK,2022,37.6
SVN,2022,40.1
SWE,2022,15.5
SWZ,2022,4.3
SXM,2022,8.2
SYC,2022,32.8
SYR,2022,0.7
TCA,2022,0.4
TCD,2022,21.0
TEA,2022,8.61223834257431
TEC,2022,9.4320862847164
TGO,2022,22.1
THA,2022,13.3
TJK,2022,22.3
TKM,2022,3.2
TLA,2022,23.5771932596113
TLS,2022,5.2
TMN,2022,4.28963027619986
TON,2022,0.1
TSA,2022,4.9789909515314
TSS,2022,13.414155600789
TTO,2022,2.0
TUN,2022,5.2
TUR,2022,5.7
TUV,2022,0.0
TZA,2022,31.2
UGA,2022,16.1
UKR,2022,12.3
UMC,2022,13.8495587331479
URY,2022,2.4
USA,2022,15.9
UZB,2022,5.8
VCT,2022,0.5
VEN,2022,39.0
VGB,2022,0.0
VIR,2022,1.0
VNM,2022,2.9
VUT,2022,0.1
WLD,2022,14.858399267639
WSM,2022,0.3
YEM,2022,0.6
ZAF,2022,12.7
ZMB,2022,41.3
ZWE,2022,27.2
ABW,2023,0.1
AFE,2023,14.1743346523835
AFG,2023,3.6
AFW,2023,12.6634538874703
AGO,2023,7.7
ALB,2023,14.2
AND,2023,26.9
ARB,2023,4.36992185123419
ARE,2023,15.9
ARG,2023,9.6
ARM,2023,24.7
ASM,2023,8.7
ATG,2023,0.4
AUS,2023,32.1
AUT,2023,29.5
AZE,2023,5.5
BDI,2023,7.6
BEL,2023,17.8
BEN,2023,23.5
BFA,2023,16.4
BGD,2023,5.9
BGR,2023,33.1
BHR,2023,20.5
BHS,2023,8.6
BIH,2023,4.1
BLR,2023,13.8
BLZ,2023,21.1
BMU,2023,0.0
BOL,2023,30.9
BRA,2023,29.5
BRB,2023,0.0
BRN,2023,9.0
BTN,2023,49.7
BWA,2023,29.1
CAF,2023,18.1
CAN,2023,11.5
CEB,2023,28.1352711737238
CHE,2023,12.1
CHL,2023,37.9
CHN,2023,14.7
CIV,2023,14.9
CMR,2023,11.0
COD,2023,13.8
COG,2023,33.3
COL,2023,16.7
COM,2023,0.7
CPV,2023,0.0
CRI,2023,28.8
CSS,2023,6.31976082013558
CUB,2023,6.7
CUW,2023,0.3
CYM,2023,0.1
CYP,2023,11.2
CZE,2023,22.2
DEU,2023,38.7
DJI,2023,1.2
DMA,2023,0.6
DNK,2023,17.9
DOM,2023,18.7
DZA,2023,4.4
EAP,2023,7.33793105962876
EAR,2023,9.79625874014153
EAS,2023,16.2089179263762
ECA,2023,9.90731684818059
ECS,2023,12.6948863724285
ECU,2023,20.0
EGY,2023,11.6
EMU,2023,19.2655741154234
ERI,2023,0.0
ESP,2023,17.9
EST,2023,20.2
ETH,2023,17.0
EUU,2023,20.0964494764912
FCS,2023,8.57214471312587
FIN,2023,13.1
FJI,2023,1.0
FRA,2023,36.6
FRO,2023,0.0
FSM,2023,0.0
GAB,2023,25.1
GBR,2023,39.9
GEO,2023,8.5
GHA,2023,7.7
GIB,2023,0.0
GIN,2023,26.1
GMB,2023,2.9
GNB,2023,13.4
GNQ,2023,1.8
GRC,2023,11.0
GRD,2023,0.2
GRL,2023,22.4
GTM,2023,10.1
GUM,2023,0.0
GUY,2023,5.2
HIC,2023,18.2076700770028
HKG,2023,41.9
HND,2023,11.0
HPC,2023,13.4224680000316
HRV,2023,23.9
HTI,2023,2.8
HUN,2023,22.6
IBD,2023,14.6538058776345
IBT,2023,12.8014005774942
IDA,2023,8.56039580245559
IDB,2023,7.04832437312368
IDN,2023,5.3
IDX,2023,8.92796555083451
IMN,2023,5.8
IND,2023,4.4
IRL,2023,4.0
IRN,2023,7.7
IRQ,2023,1.5
ISL,2023,2.9
ISR,2023,10.5
ITA,2023,14.5
JAM,2023,1.6
JOR,2023,4.5
JPN,2023,15.2
KAZ,2023,11.7
KEN,2023,10.3
KGZ,2023,6.7
KHM,2023,31.8
KIR,2023,11.8
KNA,2023,4.5
KOR,2023,5.9
KWT,2023,11.4
LAC,2023,21.3453072816488
LAO,2023,19.0
LBN,2023,0.8
LBR,2023,1.2
LBY,2023,0.2
LCA,2023,0.9
LCN,2023,22.8483577814195
LDC,2023,10.8873753811966
LIC,2023,9.92549756059686
LIE,2023,42.6
LKA,2023,3.4
LMC,2023,8.61771440371888
LMY,2023,11.7819674067651
LSO,2023,21.3
LTE,2023,15.9000300205356
LTU,2023,17.8
LUX,2023,55.8
LVA,2023,17.5
MAF,2023,92.0
MAR,2023,1.6
MCO,2023,99.2
MDA,2023,11.4
MDG,2023,3.1
MDV,2023,0.1
MEA,2023,5.87850735481123
MEX,2023,19.0
MHL,2023,0.3
MIC,2023,12.0832589098501
MKD,2023,15.4
MLI,2023,7.5
MLT,2023,7.6
MMR,2023,3.9
MNA,2023,4.2930766056887
MNE,2023,9.2
MNG,2023,19.8
MNP,2023,32.2
MOZ,2023,18.0
MRT,2023,1.1
MUS,2023,0.0
MWI,2023,22.9
MYS,2023,8.8
NAC,2023,13.6752763449097
NAM,2023,24.5
NCL,2023,95.8
NER,2023,18.2
NGA,2023,11.6
NIC,2023,10.0
NLD,2023,25.3
NOR,2023,5.6
NPL,2023,23.6
NRU,2023,0.0
NZL,2023,30.6
OED,2023,20.4630102020187
OMN,2023,1.7
OSS,2023,8.90427743992206
PAK,2023,9.8
PAN,2023,27.7
PER,2023,16.8
PHL,2023,3.7
PLW,2023,100.0
PNG,2023,0.7
POL,2023,38.0
PRE,2023,12.0983548915077
PRI,2023,2.1
PRK,2023,1.3
PRT,2023,17.2
PRY,2023,14.3
PSE,2023,10.0
PSS,2023,7.1705611280867
PST,2023,19.6890735403779
PYF,2023,0.0
QAT,2023,5.8
ROU,2023,24.4
RUS,2023,8.6
RWA,2023,9.1
SAS,2023,5.00406691838739
SAU,2023,14.2
SDN,2023,2.8
SEN,2023,15.5
SGP,2023,2.5
SLB,2023,0.2
SLE,2023,5.1
SLV,2023,2.1
SOM,2023,0.0
SRB,2023,8.1
SSA,2023,12.921551625536
SSD,2023,15.5
SSF,2023,13.6661641667904
SST,2023,7.57056034118234
STP,2023,0.2
SUR,2023,8.5
SVK,2023,37.6
SVN,2023,40.1
SWE,2023,15.5
SWZ,2023,4.3
SXM,2023,8.2
SYC,2023,32.8
SYR,2023,0.7
TCA,2023,0.4
TCD,2023,21.0
TEA,2023,8.61573081245538
TEC,2023,9.48395394247332
TGO,2023,22.1
THA,2023,13.4
TJK,2023,22.3
TKM,2023,3.2
TLA,2023,23.6409942201517
TLS,2023,5.2
TMN,2023,4.28963027619986
TON,2023,0.1
TSA,2023,5.00406691838739
TSS,2023,13.6661641667904
TTO,2023,2.0
TUN,2023,5.2
TUR,2023,5.7
TUV,2023,0.0
TZA,2023,32.4
UGA,2023,16.1
UKR,2023,12.3
UMC,2023,13.9066021864115
URY,2023,2.4
USA,2023,15.9
UZB,2023,9.5
VCT,2023,0.5
VEN,2023,39.0
VGB,2023,0.0
VIR,2023,1.0
VNM,2023,2.9
VUT,2023,0.1
WLD,2023,14.9497849033008
WSM,2023,0.3
YEM,2023,0.6
ZAF,2023,12.7
ZMB,2023,41.3
ZWE,2023,28.3
ABW,2024,0.1
AFE,2024,14.4695723752202
AFG,2024,3.6
AFW,2024,12.4799200859478
AGO,2024,7.7
ALB,2024,18.0
AND,2024,27.3
ARB,2024,5.59608893246836
ARE,2024,16.1
ARG,2024,9.7
ARM,2024,38.9
ASM,2024,8.7
ATG,2024,0.8
AUS,2024,33.5
AUT,2024,29.6
AZE,2024,12.0
BDI,2024,7.6
BEL,2024,18.5
BEN,2024,23.5
BFA,2024,16.5
BGD,2024,5.6
BGR,2024,35.6
BHR,2024,20.6
BHS,2024,8.3
BIH,2024,9.5
BLR,2024,9.4
BLZ,2024,26.8
BMU,2024,0.0
BOL,2024,30.9
BRA,2024,29.4
BRB,2024,0.1
BRN,2024,7.5
BTN,2024,51.6
BWA,2024,29.1
CAF,2024,14.8
CAN,2024,11.6
CEB,2024,28.5226315956778
CHE,2024,12.5
CHL,2024,37.9
CHN,2024,14.7
CIV,2024,14.9
CMR,2024,11.0
COD,2024,14.9
COG,2024,33.3
COL,2024,26.4
COM,2024,0.7
CPV,2024,0.2
CRI,2024,28.2
CSS,2024,6.44274796006819
CUB,2024,6.9
CUW,2024,0.3
CYM,2024,0.1
CYP,2024,11.1
CZE,2024,21.9
DEU,2024,40.1
DJI,2024,1.2
DMA,2024,0.6
DNK,2024,17.7
DOM,2024,15.3
DZA,2024,4.4
EAP,2024,7.31637698445618
EAR,2024,10.0391219887295
EAS,2024,16.5220966050165
ECA,2024,11.0973699752335
ECS,2024,12.9559573155454
ECU,2024,20.1
EGY,2024,11.5
EMU,2024,19.4581175807729
ERI,2024,0.0
ESP,2024,17.9
EST,2024,20.8
ETH,2024,17.0
EUU,2024,20.2986603505369
FCS,2024,8.70511921300023
FIN,2024,13.3
FJI,2024,1.0
FRA,2024,36.8
FRO,2024,0.0
FSM,2024,0.0
GAB,2024,24.5
GBR,2024,42.1
GEO,2024,17.4
GHA,2024,7.7
GIB,2024,0.5
GIN,2024,26.2
GMB,2024,2.9
GNB,2024,13.2
GNQ,2024,1.8
GRC,2024,11.2
GRD,2024,0.2
GRL,2024,22.6
GTM,2024,10.2
GUM,2024,0.0
GUY,2024,5.1
HIC,2024,18.6114346326521
HKG,2024,42.0
HND,2024,11.2
HPC,2024,13.5855535502813
HRV,2024,24.1
HTI,2024,3.0
HUN,2024,22.6
IBD,2024,14.8811473271582
IBT,2024,13.0297956174014
IDA,2024,8.79120299365975
IDB,2024,7.76127919442945
IDN,2024,5.2
IDX,2024,9.04156737750358
IMN,2024,4.6
IND,2024,4.5
IRL,2024,4.1
IRN,2024,7.7
IRQ,2024,1.5
ISL,2024,2.9
ISR,2024,12.2
ITA,2024,14.6
JAM,2024,1.6
JOR,2024,5.4
JPN,2024,15.1
KAZ,2024,11.9
KEN,2024,11.8
KGZ,2024,6.8
KHM,2024,31.8
KIR,2024,11.9
KNA,2024,4.8
KOR,2024,5.8
KWT,2024,11.5
LAC,2024,22.0320970457561
LAO,2024,18.8
LBN,2024,2.9
LBR,2024,1.2
LBY,2024,0.2
LCA,2024,1.0
LCN,2024,23.3803509858832
LDC,2024,11.0248947233379
LIC,2024,10.1493265248095
LIE,2024,44.8
LKA,2024,3.4
LMC,2024,8.80598288157566
LMY,2024,12.0782396436286
LSO,2024,23.4
LTE,2024,16.3933725806673
LTU,2024,18.3
LUX,2024,38.7
LVA,2024,17.9
MAF,2024,92.3
MAR,2024,1.4
MCO,2024,99.5
MDA,2024,11.5
MDG,2024,5.1
MDV,2024,0.1
MEA,2024,7.3720706235467
MEX,2024,19.9
MHL,2024,0.3
MIC,2024,12.391288161001
MKD,2024,28.2
MLI,2024,7.5
MLT,2024,8.0
MMR,2024,4.0
MNA,2024,4.29157416579149
MNE,2024,16.1
MNG,2024,19.8
MNP,2024,32.4
MOZ,2024,18.0
MRT,2024,1.0
MUS,2024,0.0
MWI,2024,23.1
MYS,2024,8.4
NAC,2024,13.668171922286
NAM,2024,24.4
NCL,2024,99.4
NER,2024,18.2
NGA,2024,11.6
NIC,2024,10.1
NLD,2024,29.8
NOR,2024,5.4
NPL,2024,23.6
NRU,2024,0.0
NZL,2024,30.6
OED,2024,21.0220031458739
OMN,2024,18.3
OSS,2024,8.92094167800328
PAK,2024,15.3
PAN,2024,27.2
PER,2024,16.8
PHL,2024,3.6
PLW,2024,98.0
PNG,2024,0.7
POL,2024,38.2
PRE,2024,12.2882424728651
PRI,2024,2.1
PRK,2024,1.3
PRT,2024,17.1
PRY,2024,14.9
PSE,2024,10.0
PSS,2024,7.11054972793675
PST,2024,20.0826625168208
PYF,2024,0.0
QAT,2024,5.8
ROU,2024,24.3
RUS,2024,8.6
RWA,2024,9.1
SAS,2024,5.69138935436645
SAU,2024,17.0
SDN,2024,2.8
SEN,2024,15.6
SGP,2024,2.1
SLB,2024,0.2
SLE,2024,5.1
SLV,2024,2.1
SOM,2024,0.0
SRB,2024,13.4
SSA,2024,13.0687650847524
SSD,2024,15.4
SSF,2024,13.8003716060522
SST,2024,7.54522641084152
STP,2024,0.2
SUR,2024,8.6
SVK,2024,37.5
SVN,2024,40.2
SWE,2024,15.6
SWZ,2024,4.2
SXM,2024,4.8
SYC,2024,32.6
SYR,2024,0.7
TCA,2024,0.5
TCD,2024,21.0
TEA,2024,8.56651704972768
TEC,2024,9.74585235366246
TGO,2024,22.3
THA,2024,13.4
TJK,2024,22.6
TKM,2024,4.3
TLA,2024,24.1989915489521
TLS,2024,4.7
TMN,2024,4.28812692900066
TON,2024,0.1
TSA,2024,5.69138935436644
TSS,2024,13.8003716060522
TTO,2024,2.0
TUN,2024,5.2
TUR,2024,5.7
TUV,2024,0.0
TZA,2024,32.3
UGA,2024,16.1
UKR,2024,17.7
UMC,2024,14.2776417380781
URY,2024,2.4
USA,2024,15.8
UZB,2024,9.5
VCT,2024,0.5
VEN,2024,39.0
VGB,2024,0.0
VIR,2024,0.9
VNM,2024,2.9
VUT,2024,0.1
WLD,2024,15.2949781456114
WSM,2024,0.3
YEM,2024,0.7
ZAF,2024,12.8
ZMB,2024,41.3
ZWE,2024,28.3
