iso3,curr_renew,curr_co2,new_renew,new_co2,delta_co2,pct_reduction
ABW,6.9,7.970452792437604,16.9,7.909524359333123,-0.060928433104481705,0.7644287556949191
ABW,6.9,7.970452792437604,26.9,7.869616829497125,-0.10083596294047936,1.2651221400640238
ABW,6.9,7.9704527924376025,36.9,7.858257607840455,-0.11219518459714717,1.407638781871946
ABW,6.9,7.9704527924376025,56.9,7.858155027616455,-0.11229776482114762,1.4089257881019783
AFG,19.1,0.3895919449775783,29.1,0.38899883244974476,-0.0005931125278335614,0.1522394226779242
AFG,19.1,0.38959194497757815,39.1,0.3847362991127606,-0.0048556458648175704,1.2463414419661636
AFG,19.1,0.38959194497757826,49.1,0.3847362991127607,-0.0048556458648175704,1.2463414419661634
AFG,19.1,0.38959194497757826,69.1,0.383905918853475,-0.005686026124103238,1.4594824655398047
AGO,47.5,1.1060482463939199,57.5,1.1037149561178006,-0.002333290276119282,0.21095736860725323
AGO,47.5,1.1060482463939194,67.5,1.1026851066506578,-0.003363139743261634,0.30406808692356546
AGO,47.5,1.1060482463939196,77.5,1.1011548834839915,-0.004893362909928145,0.44241857675577123
AGO,47.5,1.1060482463939196,97.5,1.1011548834839908,-0.004893362909928811,0.44241857675583146
ALB,38.6,2.05844274325676,48.6,2.04510566407626,-0.013337079180499867,0.6479208238456339
ALB,38.6,2.0584427432567596,58.6,2.044607044246927,-0.013835699009832503,0.6721439814226937
ALB,38.6,2.0584427432567596,68.6,2.044607044246927,-0.013835699009832503,0.6721439814226937
ALB,38.6,2.05844274325676,88.6,2.044607044246927,-0.013835699009832947,0.6721439814227151
ARE,0.1,24.995651959653348,10.1,24.39137885437925,-0.6042731052740962,2.417512878837814
ARE,0.1,24.995651959653348,20.1,24.39137885437925,-0.6042731052740962,2.417512878837814
ARE,0.1,24.99565195965335,30.1,24.374686844802113,-0.6209651148512378,2.4842925315713575
ARE,0.1,24.995651959653344,50.1,24.350141340935448,-0.6455106187178963,2.582491625982972
ARG,9.8,4.568004391845753,19.8,4.535999548624642,-0.0320048432211113,0.7006307454135215
ARG,9.8,4.568004391845753,29.8,4.478281594948847,-0.08972279689690676,1.9641574131817607
ARG,9.8,4.568004391845754,39.8,4.468818140120275,-0.09918625172547912,2.171325664715523
ARG,9.8,4.568004391845753,59.8,4.468818140120276,-0.09918625172547735,2.1713256647154853
ARM,7.1,1.997622487066468,17.1,1.9681963701801184,-0.029426116886349662,1.4730569502930586
ARM,7.1,1.9976224870664678,27.1,1.9602024060196426,-0.03742008104682526,1.8732308676489264
ARM,7.1,1.9976224870664678,37.1,1.9400327353873286,-0.05758975167913927,2.882914667410983
ARM,7.1,1.9976224870664678,57.1,1.9197342777445736,-0.07788820932189422,3.8990454816252083
ATG,0.1,6.060011768702396,10.1,5.729463840478313,-0.3305479282240835,5.4545756813746635
ATG,0.1,6.060011768702398,20.1,5.7040739038445265,-0.3559378648578715,5.873550719755232
ATG,0.1,6.060011768702394,30.1,5.6551133265948605,-0.4048984421075339,6.681479468384484
ATG,0.1,6.060011768702397,50.1,5.642739840690096,-0.4172719280123012,6.885662007578077
AUS,9.3,16.225818170212893,19.3,16.20896835023789,-0.01684981997500401,0.10384573399162483
AUS,9.3,16.225818170212893,29.3,16.168943949494082,-0.056874220718810875,0.35051681291005526
AUS,9.3,16.22581817021289,39.3,16.14985848451203,-0.07595968570085887,0.46814086601996135
AUS,9.3,16.22581817021289,59.3,16.14985848451203,-0.07595968570085887,0.46814086601996135
AUT,35.7,8.203943484832777,45.7,8.203943484832777,0.0,0.0
AUT,35.7,8.203943484832777,55.7,8.203943484832779,1.7763568394002505e-15,2.1652475333165442e-14
AUT,35.7,8.203943484832779,65.7,8.203943484832779,0.0,0.0
AUT,35.7,8.203943484832777,85.7,8.203943484832779,1.7763568394002505e-15,2.1652475333165442e-14
AZE,2.1,3.5977241632908497,12.1,3.5228500948381503,-0.0748740684526994,2.081150890239786
AZE,2.1,3.5977241632908483,22.1,3.5093906665975014,-0.08833349669334689,2.4552604003011727
AZE,2.1,3.597724163290851,32.1,3.4789517624840878,-0.11877240080676321,3.301320374103436
AZE,2.1,3.5977241632908497,52.1,3.478951762484088,-0.11877240080676144,3.301320374103387
BDI,91.3,0.056890144890953634,101.3,0.056890144890953634,0.0,0.0
BDI,91.3,0.05689014489095363,111.3,0.05689014489095363,0.0,0.0
BDI,91.3,0.05689014489095362,121.3,0.056890144890953634,1.3877787807814457e-17,2.4394010306029704e-14
BDI,91.3,0.056890144890953634,141.3,0.056890144890953634,0.0,0.0
BEL,9.1,9.670131427380051,19.1,9.651895473246716,-0.018235954133334786,0.1885802097963367
BEL,9.1,9.670131427380051,29.1,9.649822600546718,-0.02030882683333246,0.21001603738114624
BEL,9.1,9.670131427380051,39.1,9.649822600546718,-0.02030882683333246,0.21001603738114624
BEL,9.1,9.670131427380053,59.1,9.649822600546717,-0.020308826833336013,0.210016037381183
BEN,51.0,0.40715249767767764,61.0,0.4063501748408999,-0.0008023228367777246,0.19705708336655806
BEN,51.0,0.40715249767767764,71.0,0.4044779138015031,-0.00267458387617453,0.6568997836019331
BEN,51.0,0.4071524976776776,81.0,0.4036597936238841,-0.003492704053793483,0.8578368237245797
BEN,51.0,0.4071524976776777,101.0,0.40365979362388404,-0.0034927040537936493,0.8578368237246204
BFA,78.9,0.1685175100216519,88.9,0.1682567043394614,-0.0002608056821905014,0.15476473759729292
BFA,78.9,0.16851751002165188,98.9,0.1682567043394614,-0.0002608056821904736,0.15476473759727646
BFA,78.9,0.16851751002165194,108.9,0.16825670433946144,-0.0002608056821905014,0.1547647375972929
BFA,78.9,0.1685175100216519,128.9,0.1682567043394614,-0.0002608056821905014,0.15476473759729292
BGD,35.4,0.5196596353166757,45.4,0.5193206876017549,-0.0003389477149208231,0.065224945692438
BGD,35.4,0.5196596353166757,55.4,0.5186834380452551,-0.0009761972714206202,0.18785320334255606
BGD,35.4,0.5196596353166758,65.4,0.5160901383201915,-0.003569496996484345,0.686891333075952
BGD,35.4,0.5196596353166757,85.4,0.5141876033716346,-0.005472031945041089,1.0530030760819982
BGR,17.1,5.67664733085276,27.1,5.637760957872113,-0.03888637298064701,0.6850235837146044
BGR,17.1,5.676647330852762,37.1,5.604433224405016,-0.0722141064477464,1.272125996893631
BGR,17.1,5.67664733085276,47.1,5.603002975105016,-0.07364435574774397,1.2973213140700945
BGR,17.1,5.676647330852761,67.1,5.6030029751050145,-0.07364435574774664,1.2973213140701412
BHR,0.0,25.77610607316727,10.0,24.969888272030474,-0.8062178011367962,3.12777189404905
BHR,0.0,25.77610607316727,20.0,24.969888272030474,-0.8062178011367962,3.12777189404905
BHR,0.0,25.776106073167274,30.0,24.969888272030474,-0.8062178011367997,3.127771894049064
BHR,0.0,25.776106073167266,50.0,24.945342768163805,-0.8307633050034617,3.2229976965693825
BHS,1.4,6.465530239156073,11.4,6.408316544033853,-0.05721369512222019,0.8849033722822419
BHS,1.4,6.465530239156074,21.4,6.39285268422673,-0.07267755492934391,1.1240772564823747
BHS,1.4,6.465530239156074,31.4,6.378426025849155,-0.08710421330691887,1.3472091241551183
BHS,1.4,6.465530239156075,51.4,6.378426025849155,-0.08710421330691975,1.3472091241551318
BIH,23.6,5.247153825531142,33.6,5.196551559862759,-0.050602265668382884,0.9643754948095252
BIH,23.6,5.247153825531144,43.6,5.185524577542759,-0.06162924798838443,1.174527182498714
BIH,23.6,5.247153825531142,53.6,5.185524577542761,-0.061629247988380875,1.1745271824986465
BIH,23.6,5.247153825531144,73.6,5.185524577542759,-0.06162924798838443,1.174527182498714
BLR,6.7,6.477776436280246,16.7,6.44956887705914,-0.02820755922110596,0.43545126168793313
BLR,6.7,6.477776436280245,26.7,6.398112265616429,-0.07966417066381659,1.2298073489791879
BLR,6.7,6.477776436280247,36.7,6.355477841449327,-0.12229859483092032,1.8879718377738302
BLR,6.7,6.477776436280247,56.7,6.354047592149328,-0.12372884413091878,1.9100511625864007
BLZ,37.4,2.262841355106943,47.4,2.2608436333639435,-0.001997721742999392,0.08828377378249651
BLZ,37.4,2.2628413551069433,57.4,2.260025047121444,-0.0028163079854994777,0.12445892325343229
BLZ,37.4,2.2628413551069433,67.4,2.2595435716594436,-0.003297783447499647,0.14573639641404695
BLZ,37.4,2.2628413551069437,87.4,2.258013348492777,-0.004828006614166824,0.21336036674734754
BMU,0.4,9.045027032189566,10.4,8.841394304755719,-0.2036327274338472,2.2513224859268663
BMU,0.4,9.045027032189566,20.4,8.809747461309053,-0.23527957088051288,2.601203623197551
BMU,0.4,9.045027032189564,30.4,8.768940683074163,-0.27608634911540086,3.05235515751209
BMU,0.4,9.045027032189562,50.4,8.768940683074163,-0.2760863491153991,3.052355157512071
BOL,15.0,1.7565840301075217,25.0,1.7422569330761328,-0.014327097031388902,0.8156226394994569
BOL,15.0,1.7565840301075217,35.0,1.7103273506734835,-0.04625667943403822,2.6333314342614633
BOL,15.0,1.7565840301075217,45.0,1.6921918228857527,-0.06439220722176908,3.6657629875997215
BOL,15.0,1.7565840301075217,65.0,1.690134837175753,-0.06644919293176876,3.7828644569711454
BRA,41.7,3.215415736841961,51.7,3.2118174867219613,-0.003598250119999591,0.11190621725119852
BRA,41.7,3.2154157368419605,61.7,3.2118174867219618,-0.0035982501199987027,0.11190621725117092
BRA,41.7,3.2154157368419614,71.7,3.2118174867219618,-0.003598250119999591,0.11190621725119852
BRA,41.7,3.2154157368419622,91.7,3.211817486721961,-0.0035982501200013672,0.11190621725125373
BRB,3.0,5.308303756621858,13.0,5.275473602646028,-0.03283015397583,0.6184678850541651
BRB,3.0,5.308303756621857,23.0,5.248437940434664,-0.05986581618719278,1.127776761315006
BRB,3.0,5.308303756621858,33.0,5.199050908359137,-0.10925284826272108,2.0581498963097826
BRB,3.0,5.308303756621858,53.0,5.188023926039139,-0.12027983058271907,2.265880704974271
BRN,0.0,20.724169034689233,10.0,20.161990378920855,-0.5621786557683777,2.7126716387391587
BRN,0.0,20.72416903468923,20.0,20.16199037892085,-0.5621786557683777,2.712671638739159
BRN,0.0,20.724169034689236,30.0,20.14692473602085,-0.5772442986683863,2.7853676434609445
BRN,0.0,20.724169034689233,50.0,20.122379232154188,-0.6017898025350448,2.9038066690526243
BTN,82.1,1.7666444067716476,92.1,1.7666444067716476,0.0,0.0
BTN,82.1,1.7666444067716478,102.1,1.7666444067716476,-2.220446049250313e-16,1.2568720908062867e-14
BTN,82.1,1.7666444067716478,112.1,1.7666444067716476,-2.220446049250313e-16,1.2568720908062867e-14
BTN,82.1,1.7666444067716474,132.1,1.7666444067716476,2.220446049250313e-16,1.256872090806287e-14
BWA,25.8,3.1082774331753,35.8,3.0938340892260143,-0.014443343949285481,0.4646735775619199
BWA,25.8,3.1082774331753007,45.8,3.0938340892260143,-0.014443343949286369,0.4646735775619483
BWA,25.8,3.1082774331753,55.8,3.093834089226014,-0.014443343949285925,0.4646735775619342
BWA,25.8,3.1082774331753003,75.8,3.093834089226015,-0.014443343949285037,0.4646735775619056
CAF,94.8,0.05347225843786211,104.8,0.05347225843786211,0.0,0.0
CAF,94.8,0.05347225843786211,114.8,0.05347225843786211,0.0,0.0
CAF,94.8,0.05347225843786211,124.8,0.05347225843786211,0.0,0.0
CAF,94.8,0.05347225843786211,144.8,0.05347225843786211,0.0,0.0
CAN,22.2,16.041711893616434,32.2,15.982602027890575,-0.05910986572585841,0.36847604618420016
CAN,22.2,16.041711893616434,42.2,15.982602027890575,-0.05910986572585841,0.36847604618420016
CAN,22.2,16.041711893616437,52.2,15.982602027890577,-0.05910986572586019,0.3684760461842111
CAN,22.2,16.041711893616434,72.2,15.982602027890575,-0.05910986572585841,0.36847604618420016
CHE,22.2,5.477811128181819,32.2,5.460098477153595,-0.017712651028223725,0.32335271541395516
CHE,22.2,5.477811128181819,42.2,5.456925659873594,-0.020885468308224908,0.38127397640227073
CHE,22.2,5.47781112818182,52.2,5.456925659873594,-0.020885468308225796,0.3812739764022869
CHE,22.2,5.477811128181819,72.2,5.456925659873594,-0.020885468308224908,0.38127397640227073
CHL,27.0,4.690833212410501,37.0,4.656944987849896,-0.03388822456060492,0.7224350776520279
CHL,27.0,4.6908332124105,47.0,4.656944987849894,-0.033888224560606695,0.7224350776520658
CHL,27.0,4.690833212410501,57.0,4.656944987849896,-0.03388822456060492,0.7224350776520279
CHL,27.0,4.690833212410503,77.0,4.656944987849897,-0.033888224560605806,0.7224350776520465
CHN,11.9,7.534226786997044,21.9,7.510656834624028,-0.02356995237301618,0.3128383713335311
CHN,11.9,7.534226786997046,31.9,7.46623238049879,-0.06799440649825605,0.902473583826867
CHN,11.9,7.534226786997044,41.9,7.45439412549879,-0.07983266149825408,1.059599926511814
CHN,11.9,7.534226786997046,61.9,7.452963876198788,-0.08126291079825787,1.0785832852616748
CIV,71.9,0.45960482621715354,81.9,0.45881930391020115,-0.0007855223069523909,0.1709125453311163
CIV,71.9,0.4596048262171536,91.9,0.45881930391020126,-0.0007855223069523354,0.1709125453311042
CIV,71.9,0.4596048262171536,101.9,0.4588193039102012,-0.0007855223069523909,0.17091254533111627
CIV,71.9,0.4596048262171536,121.9,0.45881930391020115,-0.0007855223069524464,0.17091254533112837
CMR,76.9,0.43085682108450546,86.9,0.43030434330402934,-0.0005524777804761238,0.12822769733237308
CMR,76.9,0.4308568210845054,96.9,0.43030434330402934,-0.0005524777804760683,0.1282276973323602
CMR,76.9,0.4308568210845055,106.9,0.43030434330402934,-0.0005524777804761793,0.12822769733238593
CMR,76.9,0.43085682108450546,126.9,0.4303043433040292,-0.0005524777804762349,0.12822769733239883
COD,92.9,0.10493007109563972,102.9,0.10493007109563973,1.3877787807814457e-17,1.3225748980161643e-14
COD,92.9,0.10493007109563973,112.9,0.10493007109563969,-4.163336342344337e-17,3.9677246940484924e-14
COD,92.9,0.10493007109563972,122.9,0.10493007109563969,-2.7755575615628914e-17,2.6451497960323287e-14
COD,92.9,0.10493007109563972,142.9,0.1049300710956397,-1.3877787807814457e-17,1.3225748980161643e-14
COG,62.1,1.0856279737246195,72.1,1.08306790109081,-0.002560072633809529,0.2358149104270334
COG,62.1,1.0856279737246193,82.1,1.0830679010908104,-0.002560072633808863,0.23581491042697209
COG,62.1,1.0856279737246197,92.1,1.0830679010908104,-0.002560072633809307,0.23581491042701289
COG,62.1,1.0856279737246197,112.1,1.0830679010908097,-0.0025600726338099733,0.23581491042707425
COK,24.3,4.039415194660082,34.3,3.8666308016826774,-0.17278439297740444,4.277460588993608
COK,24.3,4.039415194660079,44.3,3.8501251911524954,-0.18929000350758374,4.686074453495555
COK,24.3,4.039415194660079,54.3,3.8501251911524954,-0.18929000350758374,4.686074453495555
COK,24.3,4.039415194660079,74.3,3.850236139253496,-0.18917905540658309,4.68332781578554
COL,32.1,2.171209189914483,42.1,2.166663922921983,-0.004545266992499908,0.20934265632317683
COL,32.1,2.171209189914483,52.1,2.160352371848173,-0.010856818066309781,0.5000355616004646
COL,32.1,2.1712091899144825,62.1,2.1603523718481727,-0.010856818066309781,0.5000355616004646
COL,32.1,2.1712091899144834,82.1,2.1603523718481727,-0.01085681806631067,0.5000355616005053
COM,68.0,0.23762088943066437,78.0,0.2376208894306644,2.7755575615628914e-17,1.1680612627168766e-14
COM,68.0,0.2376208894306644,88.0,0.23720455015755965,-0.00041633927310474883,0.17521156246081337
COM,68.0,0.23762088943066437,98.0,0.23720455015755956,-0.00041633927310480434,0.17521156246083675
COM,68.0,0.2376208894306644,118.0,0.23720455015755965,-0.00041633927310474883,0.17521156246081337
CPV,26.1,1.0617594881256789,36.1,1.0510926248590282,-0.010666863266650672,1.004640258546769
CPV,26.1,1.0617594881256789,46.1,1.0447836388043379,-0.016975849321340997,1.5988413111625137
CPV,26.1,1.061759488125679,56.1,1.0425899698308854,-0.01916951829479374,1.8054482685748008
CPV,26.1,1.0617594881256787,76.1,1.0399525115844095,-0.021806976541269174,2.053852759042914
CRI,37.6,2.0159675346766956,47.6,2.00767332358372,-0.00829421109297579,0.41142582657244764
CRI,37.6,2.015967534676696,57.6,2.0076733235837194,-0.008294211092976678,0.4114258265724916
CRI,37.6,2.015967534676696,67.6,2.00767332358372,-0.008294211092976234,0.41142582657246957
CRI,37.6,2.0159675346766956,87.6,2.00767332358372,-0.00829421109297579,0.41142582657244764
CSHH,28.6,0.3153249607900589,38.6,0.2975871412580836,-0.017737819531975285,5.6252506898066335
CSHH,28.6,0.3153249607900589,48.6,0.29758714125808367,-0.01773781953197523,5.625250689806617
CSHH,28.6,0.315324960790059,58.6,0.2975871412580836,-0.017737819531975396,5.625250689806667
CSHH,28.6,0.3153249607900589,78.6,0.2978449419375836,-0.0174800188524753,5.5434935466822655
CUB,23.2,2.610914923318477,33.2,2.5971140863400652,-0.013800836978411724,0.5285824082261109
CUB,23.2,2.6109149233184774,43.2,2.5971140863400652,-0.013800836978412168,0.5285824082261278
CUB,23.2,2.610914923318478,53.2,2.5939767217700656,-0.0169382015484123,0.6487458245818218
CUB,23.2,2.6109149233184774,73.2,2.5939767217700647,-0.016938201548412746,0.6487458245818389
CYM,0.0,2.6510140254859924,10.0,2.35436278762358,-0.2966512378624122,11.190104428362243
CYM,0.0,2.651014025485993,20.0,2.351816178836833,-0.29919784664916005,11.286166115032534
CYM,0.0,2.651014025485993,30.0,2.2701762098149607,-0.38083781567103214,14.3657412601284
CYM,0.0,2.651014025485993,50.0,2.2668454936558904,-0.38416853183010247,14.491380586327733
CYP,9.5,5.538401264808801,19.5,5.489024290193209,-0.04937697461559232,0.8915384107203531
CYP,9.5,5.538401264808802,29.5,5.447557335085542,-0.09084392972325972,1.6402554704818026
CYP,9.5,5.5384012648088,39.5,5.443858337609351,-0.09454292719944934,1.7070436517516072
CYP,9.5,5.538401264808799,59.5,5.443755757385351,-0.09464550742344802,1.7088958148415316
CZE,14.8,9.527581396240148,24.8,9.513706937323482,-0.013874458916665944,0.14562414467685572
CZE,14.8,9.527581396240148,34.8,9.51370693732348,-0.01387445891666772,0.14562414467687437
CZE,14.8,9.52758139624015,44.8,9.513706937323482,-0.01387445891666772,0.14562414467687435
CZE,14.8,9.527581396240148,64.8,9.513706937323482,-0.013874458916665944,0.14562414467685572
DEU,14.0,9.447669030620764,24.0,9.436718440054094,-0.01095059056667047,0.11590785548454968
DEU,14.0,9.447669030620762,34.0,9.436718440054095,-0.010950590566666918,0.1159078554845121
DEU,14.0,9.44766903062076,44.0,9.436718440054094,-0.010950590566666918,0.11590785548451213
DEU,14.0,9.447669030620762,64.0,9.436718440054094,-0.010950590566668694,0.1159078554845309
DJI,29.4,0.6762229729756034,39.4,0.6696954552292225,-0.00652751774638094,0.9652907409604432
DJI,29.4,0.6762229729756033,49.4,0.6680458460758573,-0.008177126899746034,1.2092353005642487
DJI,29.4,0.6762229729756034,59.4,0.6662242359565795,-0.009998737019023873,1.4786154003355052
DJI,29.4,0.6762229729756034,79.4,0.6616387861557542,-0.014584186819849188,2.156712712032537
DMA,9.9,3.0205034701008366,19.9,3.000934946547425,-0.019568523553411765,0.6478563506751571
DMA,9.9,3.0205034701008366,29.9,2.98506206152244,-0.035441408578396505,1.173360962144941
DMA,9.9,3.020503470100836,39.9,2.981566660575535,-0.0389368095253011,1.2890834230361348
DMA,9.9,3.0205034701008353,59.9,2.981566660575536,-0.03893680952529932,1.2890834230360766
DNK,30.2,7.485858870756597,40.2,7.475896522389497,-0.009962348367100304,0.13308223597452631
DNK,30.2,7.485858870756596,50.2,7.475896522389496,-0.009962348367100304,0.13308223597452631
DNK,30.2,7.485858870756596,60.2,7.475896522389497,-0.009962348367099416,0.13308223597451446
DNK,30.2,7.485858870756597,80.2,7.475896522389496,-0.009962348367101193,0.13308223597453817
DOM,17.3,2.288932243124784,27.3,2.2817404432879584,-0.0071917998368253855,0.314198895944921
DOM,17.3,2.2889322431247843,37.3,2.276821847578911,-0.012110395545873232,0.5290849295451607
DOM,17.3,2.2889322431247843,47.3,2.2722542337089107,-0.016678009415873607,0.7286370955701716
DOM,17.3,2.2889322431247834,67.3,2.2722542337089107,-0.01667800941587272,0.7286370955701331
DZA,0.1,4.0932154890287284,10.1,3.8376658727440307,-0.25554961628469774,6.243248540656154
DZA,0.1,4.0932154890287284,20.1,3.8082112477312524,-0.28500424129747604,6.9628447869746575
DZA,0.1,4.0932154890287284,30.1,3.7594287734575222,-0.3337867155712062,8.154633355264904
DZA,0.1,4.0932154890287284,50.1,3.758117142702522,-0.3350983463262063,8.186677374411117
ECU,12.2,2.706966392095044,22.2,2.7062038590672652,-0.0007625330277787334,0.028169283150522403
ECU,12.2,2.7069663920950444,32.2,2.6690789515581397,-0.03788744053690474,1.399627296723914
ECU,12.2,2.7069663920950435,42.2,2.669078951558139,-0.03788744053690474,1.3996272967239145
ECU,12.2,2.7069663920950435,62.2,2.6640504521381385,-0.042915939956905014,1.5853887245231155
EGY,5.4,1.6824225219499664,15.4,1.6575231930098637,-0.024899328940102716,1.479968831565796
EGY,5.4,1.6824225219499664,25.4,1.6473450992713554,-0.035077422678611025,2.0849353964874107
EGY,5.4,1.6824225219499664,35.4,1.6155737079838577,-0.06684881396610876,3.9733665648168714
EGY,5.4,1.6824225219499664,55.4,1.5938407414515945,-0.08858178049837195,5.265132827377015
ERI,80.5,0.29844521158333426,90.5,0.2979681663010106,-0.0004770452823236737,0.15984350353380333
ERI,80.5,0.2984452115833344,100.5,0.29796816630101064,-0.00047704528232378474,0.15984350353384044
ERI,80.5,0.2984452115833346,110.5,0.2979681663010106,-0.0004770452823240068,0.15984350353391474
ERI,80.5,0.2984452115833344,130.5,0.2979681663010106,-0.00047704528232384025,0.15984350353385904
ESP,17.3,5.656733111696552,27.3,5.615897351550124,-0.04083576014642798,0.7218965317983799
ESP,17.3,5.6567331116965525,37.3,5.6080516351025045,-0.04868147659404798,0.8605934844864469
ESP,17.3,5.656733111696553,47.3,5.608051635102506,-0.04868147659404709,0.8605934844864311
ESP,17.3,5.656733111696552,67.3,5.608051635102505,-0.0486814765940462,0.8605934844864157
EST,25.3,13.497893859507581,35.3,13.446235859781725,-0.051657999725856385,0.3827115568068405
EST,25.3,13.497893859507585,45.3,13.446235859781725,-0.05165799972585994,0.38271155680686664
EST,25.3,13.497893859507581,55.3,13.446235859781725,-0.051657999725856385,0.3827115568068405
EST,25.3,13.497893859507581,75.3,13.446235859781725,-0.051657999725856385,0.3827115568068405
ETH,91.4,0.1374731238735319,101.4,0.1374731238735318,-8.326672684688674e-17,6.056945859722209e-14
ETH,91.4,0.13747312387353186,111.4,0.13747312387353186,0.0,0.0
ETH,91.4,0.1374731238735319,121.4,0.1374731238735319,0.0,0.0
ETH,91.4,0.1374731238735319,141.4,0.13747312387353186,-2.7755575615628914e-17,2.0189819532407363e-14
FIN,41.2,9.054394018342482,51.2,9.054394018342483,1.7763568394002505e-15,1.9618726949607993e-14
FIN,41.2,9.054394018342483,61.2,9.054394018342483,0.0,0.0
FIN,41.2,9.054394018342482,71.2,9.054394018342482,0.0,0.0
FIN,41.2,9.054394018342483,91.2,9.054394018342482,-1.7763568394002505e-15,1.961872694960799e-14
FJI,33.2,1.5384337083268955,43.2,1.5332488395318165,-0.005184868795079067,0.33702256827938376
FJI,33.2,1.538433708326896,53.2,1.5332488395318165,-0.005184868795079511,0.33702256827941257
FJI,33.2,1.5384337083268957,63.2,1.532430253289317,-0.006003455037578709,0.39023163657195803
FJI,33.2,1.5384337083268953,83.2,1.5304118050321736,-0.008021903294721744,0.5214331466674548
FRA,13.2,5.591509568937037,23.2,5.571477828428705,-0.02003174050833234,0.3582528163703104
FRA,13.2,5.5915095689370355,33.2,5.554904796327752,-0.03660477260928374,0.654649199075634
FRA,13.2,5.591509568937036,43.2,5.552663023327751,-0.038846545609285243,0.6947416458891994
FRA,13.2,5.591509568937038,63.2,5.552663023327752,-0.03884654560928613,0.694741645889215
FSM,1.5,2.3580184035208895,11.5,2.3077024279870315,-0.050315975533858026,2.1338245477104176
FSM,1.5,2.358018403520888,21.5,2.2844521556580615,-0.07356624786282673,3.1198334903994334
FSM,1.5,2.3580184035208887,31.5,2.2368070775974913,-0.12121132592339734,5.14038930919326
FSM,1.5,2.3580184035208887,51.5,2.218402070954514,-0.13961633256637462,5.920917850255354
GAB,81.3,2.9567071220517516,91.3,2.9567071220517516,0.0,0.0
GAB,81.3,2.956707122051752,101.3,2.956707122051752,0.0,0.0
GAB,81.3,2.956707122051751,111.3,2.956707122051752,8.881784197001252e-16,3.00394453368716e-14
GAB,81.3,2.956707122051752,131.3,2.956707122051752,0.0,0.0
GBR,6.6,7.021856588783993,16.6,6.982525481800424,-0.039331106983568453,0.5601240424988458
GBR,6.6,7.021856588783994,26.6,6.954595291120422,-0.06726129766357136,0.9578848102794891
GBR,6.6,7.021856588783994,36.6,6.941034611272803,-0.08082197751119047,1.1510058129111802
GBR,6.6,7.021856588783993,56.6,6.941034611272803,-0.08082197751118958,1.1510058129111675
GEO,30.7,2.214324351668458,40.7,2.1944455133881005,-0.019878838280357414,0.8977383220926523
GEO,30.7,2.214324351668458,50.7,2.1881446477381004,-0.026179703930357512,1.182288579838429
GEO,30.7,2.2143243516684583,60.7,2.1881446477381012,-0.026179703930357068,1.1822885798384088
GEO,30.7,2.214324351668458,80.7,2.1881446477381004,-0.026179703930357512,1.182288579838429
GHA,47.7,0.5848053053603188,57.7,0.5823175260131839,-0.002487779347134955,0.4254030058092835
GHA,47.7,0.5848053053603186,67.7,0.5781227467587554,-0.006682558601563193,1.1426980125369828
GHA,47.7,0.5848053053603188,77.7,0.5756324480270235,-0.009172857333295314,1.5685318257575656
GHA,47.7,0.5848053053603186,97.7,0.5748143278494046,-0.009990977510914045,1.7084279877998476
GIN,78.6,0.18668396441276644,88.6,0.18616860102790933,-0.0005153633848571093,0.27606194590855065
GIN,78.6,0.18668396441276652,98.6,0.18616860102790933,-0.0005153633848571926,0.2760619459085952
GIN,78.6,0.1866839644127665,108.6,0.1861686010279093,-0.0005153633848571926,0.27606194590859523
GIN,78.6,0.18668396441276647,128.6,0.18616860102790936,-0.0005153633848571093,0.27606194590855065
GLP,24.3,1.448782354240562,34.3,1.4553568422873957,0.006574488046833693,0.45379404488122566
GLP,24.3,1.448782354240562,44.3,1.4575744183514991,0.008792064110937137,0.6068588622164613
GLP,24.3,1.448782354240562,54.3,1.457574418351499,0.008792064110936915,0.6068588622164459
GLP,24.3,1.4487823542405618,74.3,1.4578322190309994,0.009049864790437567,0.6246531622882322
GMB,53.2,0.26882151842382357,63.2,0.26797221053215686,-0.0008493078916667063,0.315937465366031
GMB,53.2,0.26882151842382357,73.2,0.26726313260334733,-0.001558385820476238,0.5797102217164363
GMB,53.2,0.26882151842382357,83.2,0.26690149164572835,-0.0019200267780952185,0.7142384989687125
GMB,53.2,0.26882151842382357,103.2,0.2665993099438236,-0.0022222084799999875,0.8266482880646695
GNB,87.3,0.18342397347513487,97.3,0.18342397347513492,5.551115123125783e-17,3.026384729299465e-14
GNB,87.3,0.1834239734751349,107.3,0.18342397347513487,-2.7755575615628914e-17,1.5131923646497322e-14
GNB,87.3,0.18342397347513487,117.3,0.18342397347513484,-2.7755575615628914e-17,1.5131923646497325e-14
GNB,87.3,0.18342397347513492,137.3,0.18342397347513495,2.7755575615628914e-17,1.513192364649732e-14
GNQ,4.9,5.898452285813737,14.9,5.843714673441717,-0.05473761237202002,0.9279995788669594
GNQ,4.9,5.898452285813736,24.9,5.814730830201479,-0.08372145561225697,1.4193800603187716
GNQ,4.9,5.898452285813735,34.9,5.771623680290528,-0.1268286055232073,2.1502014321322998
GNQ,4.9,5.898452285813735,54.9,5.771623680290526,-0.12682860552320907,2.15020143213233
GRC,16.4,6.938194671392474,26.4,6.905881405366366,-0.03231326602610807,0.4657301727110936
GRC,16.4,6.938194671392474,36.4,6.89030499833433,-0.047889673058143956,0.690232478710959
GRC,16.4,6.938194671392475,46.4,6.890304998334328,-0.04788967305814751,0.6902324787110101
GRC,16.4,6.938194671392476,66.4,6.8903049983343285,-0.04788967305814751,0.6902324787110101
GRD,11.0,2.718861571188001,21.0,2.721804013247364,0.002942442059363337,0.10822331267412204
GRD,11.0,2.7188615711879995,31.0,2.710405449017142,-0.008456122170857672,0.3110170175807366
GRD,11.0,2.718861571188,41.0,2.7051971260053334,-0.013664445182666629,0.5025796578784989
GRD,11.0,2.718861571188,61.0,2.7041882410353337,-0.014673330152666253,0.5396865477875278
GTM,66.2,0.963196640396464,76.2,0.9620876514464639,-0.0011089889500001116,0.11513629756262829
GTM,66.2,0.9631966403964639,86.2,0.9620876514464639,-0.0011089889500000005,0.11513629756261677
GTM,66.2,0.9631966403964639,96.2,0.962087651446464,-0.0011089889499998895,0.11513629756260525
GTM,66.2,0.9631966403964641,116.2,0.9620876514464639,-0.0011089889500002226,0.1151362975626398
GUF,24.3,2.9615301786729864,34.3,2.971958840194652,0.01042866152166555,0.35213760767207386
GUF,24.3,2.961530178672986,44.3,2.971958840194653,0.010428661521666882,0.35213760767211894
GUF,24.3,2.961530178672987,54.3,2.9709499552246528,0.009419776551665926,0.31807126665468505
GUF,24.3,2.961530178672986,74.3,2.9709499552246523,0.00941977655166637,0.31807126665470015
GUY,24.0,2.479259654515201,34.0,2.4516668230570278,-0.02759283145817326,1.1129464155931186
GUY,24.0,2.479259654515202,44.0,2.443763908411194,-0.035495746104007964,1.4317074873284643
GUY,24.0,2.479259654515202,54.0,2.443763908411194,-0.035495746104007964,1.4317074873284643
GUY,24.0,2.4792596545152015,74.0,2.443763908411194,-0.03549574610400752,1.4317074873284465
HND,52.2,0.9608561348626459,62.2,0.9567368901048603,-0.004119244757785578,0.4287056728190036
HND,52.2,0.9608561348626461,72.2,0.9547184418477175,-0.0061376930149286135,0.6387733597398526
HND,52.2,0.9608561348626461,82.2,0.9547184418477173,-0.006137693014928836,0.6387733597398757
HND,52.2,0.9608561348626461,102.2,0.9547184418477175,-0.0061376930149286135,0.6387733597398526
HRV,33.6,4.381952172995424,43.6,4.369382225395423,-0.012569947600001186,0.28685725228736564
HRV,33.6,4.381952172995423,53.6,4.369382225395423,-0.012569947600000297,0.28685725228734543
HRV,33.6,4.381952172995424,63.6,4.369382225395422,-0.012569947600002074,0.2868572522873859
HRV,33.6,4.381952172995423,83.6,4.369382225395422,-0.012569947600001186,0.2868572522873657
HTI,77.8,0.3294751835330492,87.8,0.32881136087352547,-0.0006638226595237495,0.20147880408029648
HTI,77.8,0.3294751835330494,97.8,0.3288113608735254,-0.0006638226595239716,0.20147880408036378
HTI,77.8,0.3294751835330493,107.8,0.3288113608735254,-0.0006638226595238605,0.20147880408033017
HTI,77.8,0.3294751835330493,127.8,0.32881136087352547,-0.000663822659523805,0.2014788040803133
HUN,15.7,4.728471782954968,25.7,4.697303021928302,-0.031168761026666658,0.6591719789684002
HUN,15.7,4.728471782954968,35.7,4.656834769236267,-0.07163701371870168,1.5150140892652952
HUN,15.7,4.728471782954968,45.7,4.654592996236268,-0.07387878671870052,1.5624241850192744
HUN,15.7,4.728471782954969,65.7,4.654592996236265,-0.07387878671870407,1.5624241850193492
IDN,29.3,1.9534582448485742,39.3,1.91804003405001,-0.03541821079856433,1.8131030387757194
IDN,29.3,1.9534582448485744,49.3,1.9059986812053669,-0.04745956364320758,2.4295151313503753
IDN,29.3,1.953458244848574,59.3,1.9059986812053666,-0.04745956364320736,2.4295151313503642
IDN,29.3,1.9534582448485744,79.3,1.9047715542520331,-0.04868669059654129,2.49233331323728
IND,33.9,1.565916740151865,43.9,1.5471196401029372,-0.018797100048927762,1.200389494980735
IND,33.9,1.5659167401518652,53.9,1.5426670828416038,-0.023249657310261407,1.4847313853996231
IND,33.9,1.5659167401518648,63.9,1.5424573791539842,-0.023459360997880596,1.4981231374795492
IND,33.9,1.5659167401518648,83.9,1.5424573791539844,-0.023459360997880374,1.498123137479535
IRL,8.8,7.826800988926078,18.8,7.7988125842684575,-0.02798840465762087,0.3575969888236698
IRL,8.8,7.8268009889260775,28.8,7.787911041548459,-0.038889947377618306,0.4968817711430584
IRL,8.8,7.8268009889260775,38.8,7.78074351028785,-0.04605747863822707,0.5884585375735567
IRL,8.8,7.826800988926078,58.8,7.78074351028785,-0.046057478638227956,0.588458537573568
IRN,0.9,7.8074149959669334,10.9,7.717895519940503,-0.08951947602643084,1.1465955898677578
IRN,0.9,7.807414995966932,20.9,7.691632692828598,-0.11578230313833338,1.4829787221268873
IRN,0.9,7.8074149959669334,30.9,7.66504683726185,-0.14236815870508313,1.8234993115983467
IRN,0.9,7.807414995966932,50.9,7.651778332961851,-0.1556366630050805,1.9934467821356696
IRQ,1.0,3.9809943848193825,11.0,3.8878715358459703,-0.09312284897341216,2.339185639862116
IRQ,1.0,3.9809943848193834,21.0,3.8693343382319867,-0.1116600465873967,2.8048280352563895
IRQ,1.0,3.9809943848193825,31.0,3.8290853029374627,-0.15190908188191976,3.815857727938289
IRQ,1.0,3.980994384819383,51.0,3.829085302937463,-0.15190908188191976,3.8158577279382886
ISR,3.7,8.376251923847944,13.7,8.337048896516116,-0.03920302733182801,0.468025886616584
ISR,3.7,8.376251923847944,23.7,8.314854326357786,-0.06139759749015816,0.7329960708960254
ISR,3.7,8.376251923847946,33.7,8.292621152197183,-0.08363077165076227,0.9984271295931049
ISR,3.7,8.376251923847944,53.7,8.29262115219718,-0.08363077165076405,0.9984271295931263
ITA,17.1,6.051854349488166,27.1,6.025566035804378,-0.026288313683788367,0.43438444096083867
ITA,17.1,6.051854349488166,37.1,6.014732620928187,-0.03712172855997942,0.6133942824172393
ITA,17.1,6.051854349488165,47.1,6.0147326209281875,-0.03712172855997764,0.61339428241721
ITA,17.1,6.051854349488166,67.1,6.014732620928186,-0.037121728559980305,0.6133942824172539
JAM,11.9,2.8043209728161202,21.9,2.795879963929454,-0.008441008886666435,0.3010000983656985
JAM,11.9,2.8043209728161216,31.9,2.7633041910054077,-0.04101678181071389,1.462627930551206
JAM,11.9,2.8043209728161207,41.9,2.7633041910054073,-0.04101678181071344,1.4626279305511907
JAM,11.9,2.8043209728161216,61.9,2.7633041910054073,-0.04101678181071433,1.4626279305512218
JOR,3.1,2.8616487523001464,13.1,2.8196585674315116,-0.04199018486863482,1.4673423785810118
JOR,3.1,2.8616487523001455,23.1,2.8017492755001223,-0.059899476800023166,2.0931806096704553
JOR,3.1,2.861648752300146,33.1,2.7653491111529322,-0.09629964114721368,3.3651803377269704
JOR,3.1,2.861648752300146,53.1,2.755128879672933,-0.10651987262721274,3.7223251994708932
JPN,5.6,9.983378251306931,15.6,9.938585127441927,-0.04479312386500389,0.44867701831431656
JPN,5.6,9.983378251306933,25.6,9.914645087861928,-0.06873316344500502,0.6884760019586266
JPN,5.6,9.983378251306927,35.6,9.899579444961926,-0.08379880634500125,0.8393832652191769
JPN,5.6,9.983378251306926,55.6,9.899579444961923,-0.08379880634500303,0.8393832652191948
KAZ,1.3,14.081513342996248,11.3,14.018249734450928,-0.06326360854531998,0.44926711358609434
KAZ,1.3,14.081513342996246,21.3,14.018249734450928,-0.0632636085453182,0.44926711358608173
KAZ,1.3,14.081513342996246,31.3,13.967179235819026,-0.11433410717721948,0.8119447419625966
KAZ,1.3,14.08151334299625,51.3,13.946663521536967,-0.13484982145928193,0.9576372807000353
KEN,71.8,0.3982066290807471,81.8,0.39778274773141375,-0.00042388134933335486,0.1064475873522943
KEN,71.8,0.39820662908074705,91.8,0.39778274773141387,-0.00042388134933318833,0.1064475873522525
KEN,71.8,0.3982066290807471,101.8,0.39778274773141375,-0.00042388134933335486,0.1064475873522943
KEN,71.8,0.3982066290807471,121.8,0.39778274773141375,-0.00042388134933335486,0.1064475873522943
KGZ,26.6,1.5078289621040688,36.6,1.4947766962026012,-0.013052265901467575,0.8656330545113061
KGZ,26.6,1.5078289621040692,46.6,1.4926317313235535,-0.015197230780515714,1.0078882394796984
KGZ,26.6,1.5078289621040695,56.6,1.49213121628022,-0.01569774582384942,1.0410826571433087
KGZ,26.6,1.5078289621040695,76.6,1.489914363432395,-0.017914598671674442,1.1881054895427845
KHM,63.7,0.4553801870299842,73.7,0.4534122583549509,-0.001967928675033259,0.43215070200313355
KHM,63.7,0.4553801870299841,83.7,0.45295577913495094,-0.002424407895033176,0.5323920460495447
KHM,63.7,0.4553801870299842,93.7,0.45295577913495094,-0.0024244078950332315,0.5323920460495569
KHM,63.7,0.4553801870299841,113.7,0.45295577913495094,-0.002424407895033176,0.5323920460495447
KIR,48.0,2.237613187992027,58.0,2.236753567597859,-0.0008596203941677594,0.03841684518042903
KIR,48.0,2.2376131879920265,68.0,2.234646036102812,-0.002967151889214481,0.132603432315177
KIR,48.0,2.237613187992026,78.0,2.2341398945294784,-0.0034732934625476553,0.1552231404957215
KIR,48.0,2.2376131879920265,98.0,2.2336834153094784,-0.003929772682548016,0.1756234144327013
KOR,2.9,11.719420063723273,12.9,11.68648325225161,-0.03293681147166261,0.28104472143307185
KOR,2.9,11.719420063723275,22.9,11.675942935551605,-0.04347712817166993,0.37098361467774876
KOR,2.9,11.719420063723277,32.9,11.660877292651605,-0.058542771071671496,0.49953641693318035
KOR,2.9,11.719420063723273,52.9,11.660877292651609,-0.05854277107166439,0.4995364169331199
KWT,0.0,23.05861114319443,10.0,22.43675900874414,-0.6218521344502896,2.696832565450606
KWT,0.0,23.058611143194426,20.0,22.436759008744147,-0.621852134450279,2.69683256545056
KWT,0.0,23.058611143194437,30.0,22.436759008744147,-0.6218521344502896,2.696832565450605
KWT,0.0,23.058611143194433,50.0,22.41221350487748,-0.6463976383169516,2.803280884103598
LAO,58.2,0.6608838947380655,68.2,0.655222000278621,-0.005661894459444539,0.8567154540342631
LAO,58.2,0.6608838947380653,78.2,0.6547158587052877,-0.006168036032777602,0.933301005197326
LAO,58.2,0.6608838947380654,88.2,0.6547158587052876,-0.006168036032777824,0.9333010051973595
LAO,58.2,0.6608838947380654,108.2,0.6547158587052878,-0.006168036032777602,0.933301005197326
LBN,4.2,4.263841796257544,14.2,4.176180441109115,-0.08766135514842865,2.0559241955311456
LBN,4.2,4.263841796257545,24.2,4.1784283130443525,-0.08541348321319209,2.0032047926393783
LBN,4.2,4.263841796257545,34.2,4.154501712714936,-0.10934008354260882,2.5643560143009694
LBN,4.2,4.263841796257544,54.2,4.147280030886365,-0.1165617653711788,2.7337263186801937
LBR,91.2,0.16399094600747416,101.2,0.1639909460074742,2.7755575615628914e-17,1.692506585965051e-14
LBR,91.2,0.16399094600747416,111.2,0.1639909460074742,2.7755575615628914e-17,1.692506585965051e-14
LBR,91.2,0.1639909460074742,121.2,0.16399094600747416,-2.7755575615628914e-17,1.6925065859650508e-14
LBR,91.2,0.1639909460074742,141.2,0.16399094600747413,-5.551115123125783e-17,3.3850131719301016e-14
LBY,2.3,9.077786541305802,12.3,8.956865555969374,-0.12092098533642748,1.3320536320854435
LBY,2.3,9.0777865413058,22.3,8.928497181590807,-0.14928935971499335,1.6445568425264905
LBY,2.3,9.0777865413058,32.3,8.877803000417309,-0.1999835408884909,2.202998935682444
LBY,2.3,9.077786541305802,52.3,8.862195871867309,-0.2155906694384928,2.3749255224003205
LCA,11.7,3.0110456143269957,21.7,3.007233696736043,-0.0038119175909527847,0.12659780286340142
LCA,11.7,3.0110456143269952,31.7,2.9800196998867574,-0.031025914440237834,1.03040333539326
LCA,11.7,3.011045614326995,41.7,2.980019699886758,-0.031025914440236946,1.0304033353932307
LCA,11.7,3.0110456143269952,61.7,2.9800196998867574,-0.031025914440237834,1.03040333539326
LKA,54.2,0.9632878095913359,64.2,0.9610782910805024,-0.002209518510833508,0.22937262247415668
LKA,54.2,0.9632878095913356,74.2,0.9598096275471688,-0.003478182044166833,0.36107402268927435
LKA,54.2,0.9632878095913358,84.2,0.959809627547169,-0.003478182044166722,0.3610740226892628
LKA,54.2,0.9632878095913359,104.2,0.9598096275471691,-0.003478182044166722,0.36107402268926275
LSO,43.2,1.0305891887267733,53.2,1.030172787511218,-0.0004164012155551955,0.04040419015744115
LSO,43.2,1.030589188726773,63.2,1.0288140722652181,-0.0017751164615549264,0.17224287630534618
LSO,43.2,1.0305891887267733,73.2,1.0269218979535513,-0.0036672907732220317,0.35584409513869764
LSO,43.2,1.0305891887267733,93.2,1.0269218979535513,-0.0036672907732220317,0.35584409513869764
LTU,27.7,4.791419076776848,37.7,4.736545032714191,-0.05487404406265739,1.1452566177862018
LTU,27.7,4.791419076776849,47.7,4.736545032714193,-0.0548740440626565,1.145256617786183
LTU,27.7,4.791419076776849,57.7,4.736545032714192,-0.05487404406265739,1.1452566177862016
LTU,27.7,4.791419076776849,77.7,4.736545032714192,-0.05487404406265739,1.1452566177862016
LUX,6.8,18.543141461302316,16.8,18.537764117218984,-0.005377344083331792,0.028999099718641376
LUX,6.8,18.543141461302316,26.8,18.537764117218984,-0.005377344083331792,0.028999099718641376
LUX,6.8,18.543141461302316,36.8,18.473194212608497,-0.06994724869381841,0.37721358508638536
LUX,6.8,18.543141461302316,56.8,18.473194212608504,-0.0699472486938113,0.377213585086347
LVA,40.2,4.012262768195706,50.2,4.012262768195706,0.0,0.0
LVA,40.2,4.012262768195706,60.2,4.012262768195706,0.0,0.0
LVA,40.2,4.012262768195707,70.2,4.012262768195706,-8.881784197001252e-16,2.2136596504608653e-14
LVA,40.2,4.012262768195706,90.2,4.012262768195706,0.0,0.0
MAR,11.1,1.7901474786950633,21.1,1.7777540070976023,-0.012393471597460959,0.6923156748233525
MAR,11.1,1.7901474786950629,31.1,1.7411512821330757,-0.04899619656198717,2.736992183331353
MAR,11.1,1.7901474786950633,41.1,1.719931085104194,-0.07021639359086929,3.922380386338553
MAR,11.1,1.790147478695063,61.1,1.713759984933718,-0.07638749376134513,4.26710618373343
MDA,24.3,1.5888402864252948,34.3,1.571519808851104,-0.017320477574190862,1.0901333332351433
MDA,24.3,1.588840286425295,44.3,1.5555271947445726,-0.033313091680722495,2.09669228338067
MDA,24.3,1.5888402864252946,54.3,1.5540969454445723,-0.03474334098072229,2.186710727161303
MDA,24.3,1.5888402864252946,74.3,1.5540969454445726,-0.03474334098072207,2.186710727161289
MDG,82.2,0.13277478936251824,92.2,0.13229774408019446,-0.00047704528232378474,0.35928905224718255
MDG,82.2,0.13277478936251824,102.2,0.13229774408019446,-0.00047704528232378474,0.35928905224718255
MDG,82.2,0.1327747893625182,112.2,0.13229774408019446,-0.0004770452823237292,0.35928905224714086
MDG,82.2,0.1327747893625182,132.2,0.13229774408019448,-0.00047704528232370147,0.35928905224711993
MEX,9.8,4.159769901247211,19.8,4.143572410542449,-0.016197490704762174,0.38938429502809113
MEX,9.8,4.15976990124721,29.8,4.112122059935147,-0.04764784131206312,1.1454441578073111
MEX,9.8,4.15976990124721,39.8,4.112122059935147,-0.04764784131206312,1.1454441578073111
MEX,9.8,4.159769901247211,59.8,4.112122059935146,-0.0476478413120649,1.1454441578073535
MKD,21.2,3.67237512961724,31.2,3.6462721749432725,-0.026102954673967727,0.7107921645436138
MKD,21.2,3.6723751296172407,41.2,3.6430993576632726,-0.02927577195396802,0.7971890376302417
MKD,21.2,3.672375129617241,51.2,3.643099357663273,-0.02927577195396802,0.7971890376302415
MKD,21.2,3.672375129617241,71.2,3.643099357663272,-0.02927577195396891,0.7971890376302658
MLI,84.6,0.1896097627036881,94.6,0.18945604027645,-0.00015372242723810103,0.08107305501897082
MLI,84.6,0.1896097627036881,104.6,0.18945604027644997,-0.0001537224272381288,0.08107305501898544
MLI,84.6,0.18960976270368804,114.6,0.18945604027644997,-0.00015372242723807328,0.08107305501895619
MLI,84.6,0.18960976270368804,134.6,0.18945604027645002,-0.00015372242723801777,0.0810730550189269
MLT,4.5,5.973355346955046,14.5,5.941387925502825,-0.031967421452220535,0.5351669136596088
MLT,4.5,5.973355346955046,24.5,5.90832992989737,-0.06502541705767584,1.0885911398327062
MLT,4.5,5.973355346955047,34.5,5.883583346993906,-0.08977199996114038,1.5028739250696377
MLT,4.5,5.973355346955047,54.5,5.883583346993907,-0.08977199996113949,1.5028739250696228
MMR,72.0,0.4310926247730477,82.0,0.4310926247730477,0.0,0.0
MMR,72.0,0.43109262477304766,92.0,0.4310926247730476,-5.551115123125783e-17,1.2876850134117264e-14
MMR,72.0,0.43109262477304766,102.0,0.43109262477304766,0.0,0.0
MMR,72.0,0.4310926247730477,122.0,0.43109262477304766,-5.551115123125783e-17,1.2876850134117264e-14
MNE,46.0,3.5993650414274607,56.0,3.5993650414274603,-4.440892098500626e-16,1.2337987526653943e-14
MNE,46.0,3.59936504142746,66.0,3.5993650414274603,4.440892098500626e-16,1.2337987526653946e-14
MNE,46.0,3.5993650414274603,76.0,3.59936504142746,-4.440892098500626e-16,1.2337987526653946e-14
MNE,46.0,3.59936504142746,96.0,3.5993650414274603,4.440892098500626e-16,1.2337987526653946e-14
MNG,3.3,11.021021672527125,13.3,10.893812487072015,-0.12720918545510962,1.1542413147794899
MNG,3.3,11.021021672527123,23.3,10.859558772048443,-0.16146290047868028,1.4650447596992775
MNG,3.3,11.021021672527125,33.3,10.806730834138364,-0.21429083838876117,1.9443826965964417
MNG,3.3,11.02102167252713,53.3,10.806730834138364,-0.2142908383887665,1.9443826965964892
MOZ,81.2,0.2722372772073516,91.2,0.27193509550544676,-0.0003021817019048245,0.11099938443575659
MOZ,81.2,0.2722372772073514,101.2,0.27193509550544664,-0.000302181701904769,0.11099938443573626
MOZ,81.2,0.2722372772073516,111.2,0.2719350955054467,-0.00030218170190488003,0.11099938443577698
MOZ,81.2,0.27223727720735147,131.2,0.2719350955054467,-0.000302181701904769,0.11099938443573623
MRT,31.0,0.7605355155220465,41.0,0.7548560211532528,-0.005679494368793669,0.7467756932948955
MRT,31.0,0.7605355155220465,51.0,0.7514107124412525,-0.009124803080793997,1.1997865838692037
MRT,31.0,0.7605355155220465,61.0,0.7474419777183635,-0.013093537803682942,1.7216208232820371
MRT,31.0,0.7605355155220465,81.0,0.7442190200530303,-0.016316495469016146,2.145395597708042
MSR,24.3,3.903928005962985,34.3,3.7379418605370107,-0.16598614542597412,4.251772706167777
MSR,24.3,3.9039280059629844,44.3,3.721436250006829,-0.1824917559561552,4.67456765794378
MSR,24.3,3.9039280059629826,54.3,3.7214362500068296,-0.18249175595615297,4.674567657943726
MSR,24.3,3.9039280059629844,74.3,3.7215471981078285,-0.18238080785515587,4.671725697210133
MTQ,24.3,0.2261595315866765,34.3,0.19930896191425732,-0.026850569672419194,11.872402407293018
MTQ,24.3,0.22615953158667648,44.3,0.18796782985836116,-0.03819170172831532,16.887062623614522
MTQ,24.3,0.22615953158667645,54.3,0.1879678298583612,-0.038191701728315264,16.887062623614497
MTQ,24.3,0.22615953158667648,74.3,0.1882256305378612,-0.03793390104881528,16.773071991563164
MUS,10.6,3.3053094588922924,20.6,3.300255537551657,-0.0050539213406355366,0.15290312158333447
MUS,10.6,3.3053094588922924,30.6,3.2802199376473085,-0.02508952124498398,0.7590672388476517
MUS,10.6,3.3053094588922924,40.6,3.2677404016882603,-0.03756905720403214,1.1366275282624414
MUS,10.6,3.305309458892292,60.6,3.263131760271594,-0.04217769862069787,1.2760589937268045
MWI,82.8,0.10137251380398657,92.8,0.10107033210208179,-0.0003021817019047829,0.298090370422381
MWI,82.8,0.10137251380398656,102.8,0.1010703321020818,-0.00030218170190475513,0.29809037042235365
MWI,82.8,0.10137251380398657,112.8,0.10107033210208177,-0.00030218170190479676,0.2980903704223947
MWI,82.8,0.10137251380398657,132.8,0.1010703321020818,-0.000302181701904769,0.29809037042236736
MYS,3.0,8.309264758306593,13.0,8.232035260011205,-0.07722949829538805,0.9294384105186129
MYS,3.0,8.309264758306593,23.0,8.22231506489454,-0.08694969341205372,1.0464186175453367
MYS,3.0,8.309264758306592,33.0,8.1716322738693,-0.13763248443729204,1.6563738000971002
MYS,3.0,8.309264758306592,53.0,8.154594896019299,-0.1546698622872924,1.8614145389057715
NAM,30.2,2.054666403068134,40.2,2.0526627895306335,-0.0020036135375005593,0.0975152722850123
NAM,30.2,2.054666403068135,50.2,2.0526627895306335,-0.0020036135375014474,0.0975152722850555
NAM,30.2,2.0546664030681345,60.2,2.0526627895306335,-0.0020036135375010033,0.09751527228503389
NAM,30.2,2.0546664030681336,80.2,2.0526627895306344,-0.002003613537499227,0.09751527228494748
NER,78.1,0.1245453841351829,88.1,0.1235586784567924,-0.000986705678390501,0.7922458830907133
NER,78.1,0.12454538413518289,98.1,0.12355867845679237,-0.0009867056783905148,0.7922458830907246
NER,78.1,0.12454538413518289,108.1,0.12355867845679244,-0.0009867056783904454,0.7922458830906688
NER,78.1,0.1245453841351829,128.1,0.12355867845679244,-0.0009867056783904593,0.7922458830906799
NGA,79.9,0.8963757594478243,89.9,0.8963757594478243,0.0,0.0
NGA,79.9,0.8963757594478243,99.9,0.8963757594478244,1.1102230246251565e-16,1.2385687731103574e-14
NGA,79.9,0.8963757594478244,109.9,0.8963757594478243,-1.1102230246251565e-16,1.2385687731103572e-14
NGA,79.9,0.8963757594478242,129.9,0.8963757594478241,-1.1102230246251565e-16,1.2385687731103574e-14
NIC,53.0,0.8019590008021187,63.0,0.7979389510267855,-0.004020049775333212,0.5012787151602965
NIC,53.0,0.8019590008021189,73.0,0.7967188702334522,-0.005240130568666679,0.6534162673435304
NIC,53.0,0.8019590008021187,83.0,0.7967188702334522,-0.005240130568666457,0.653416267343503
NIC,53.0,0.8019590008021189,103.0,0.7967188702334522,-0.005240130568666679,0.6534162673435304
NLD,5.6,9.77488635019793,15.6,9.754987571906263,-0.019898778291667085,0.20357043119242157
NLD,5.6,9.774886350197932,25.6,9.747961120406263,-0.02692522979166867,0.27545312371967845
NLD,5.6,9.774886350197932,35.6,9.747961120406263,-0.02692522979166867,0.27545312371967845
NLD,5.6,9.77488635019793,55.6,9.747961120406261,-0.02692522979166867,0.2754531237196785
NOR,55.8,9.191924466982638,65.8,9.19192446698264,1.7763568394002505e-15,1.9325189689938363e-14
NOR,55.8,9.191924466982636,75.8,9.191924466982636,0.0,0.0
NOR,55.8,9.19192446698264,85.8,9.191924466982643,3.552713678800501e-15,3.865037937987672e-14
NOR,55.8,9.191924466982636,105.8,9.191924466982636,0.0,0.0
NPL,84.0,0.260189767510219,94.0,0.25988758580831417,-0.0003021817019048245,0.11613896457052497
NPL,84.0,0.26018976751021883,104.0,0.25988758580831417,-0.000302181701904658,0.11613896457046104
NPL,84.0,0.26018976751021894,114.0,0.2598875858083141,-0.0003021817019048245,0.116138964570525
NPL,84.0,0.26018976751021894,134.0,0.25988758580831417,-0.000302181701904769,0.11613896457050366
NZL,28.3,8.061436325024136,38.3,8.029723289896864,-0.03171303512727164,0.39339187024065075
NZL,28.3,8.061436325024136,48.3,8.029723289896864,-0.03171303512727164,0.39339187024065075
NZL,28.3,8.061436325024136,58.3,8.029723289896864,-0.03171303512727164,0.39339187024065075
NZL,28.3,8.061436325024138,78.3,8.029723289896863,-0.03171303512727519,0.3933918702406948
OMN,0.0,18.20396261308883,10.0,17.757247550505372,-0.4467150625834577,2.4539440784297435
OMN,0.0,18.203962613088837,20.0,17.730238732305374,-0.4737238807834636,2.602311874903826
OMN,0.0,18.20396261308883,30.0,17.69929256423871,-0.5046700488501195,2.7723087526407943
OMN,0.0,18.203962613088837,50.0,17.68020709925666,-0.5237555138321781,2.877151117941719
PAK,47.2,0.7355398164719775,57.2,0.7335811593230886,-0.001958657148888876,0.26628839187572334
PAK,47.2,0.7355398164719776,67.2,0.7288349008754221,-0.006704915596555505,0.911563921680771
PAK,47.2,0.7355398164719775,77.2,0.7267071721959127,-0.008832644276064783,1.2008383609239035
PAK,47.2,0.7355398164719775,97.2,0.7267071721959127,-0.008832644276064783,1.2008383609239035
PAN,19.8,2.7801881555132772,29.8,2.749820891031611,-0.03036726448166638,1.0922737161312734
PAN,19.8,2.780188155513278,39.8,2.7503565240649435,-0.029831631448334672,1.0730076447947157
PAN,19.8,2.7801881555132777,49.8,2.7503565240649452,-0.029831631448332452,1.073007644794636
PAN,19.8,2.7801881555132772,69.8,2.7503565240649444,-0.029831631448332896,1.0730076447946522
PER,28.6,2.100271504611067,38.6,2.100114666759638,-0.00015683785142872608,0.007467503657712562
PER,28.6,2.100271504611068,48.6,2.091551437643329,-0.008720066967738749,0.41518760544025696
PER,28.6,2.1002715046110674,58.6,2.091551437643329,-0.008720066967738305,0.4151876054402359
PER,28.6,2.100271504611067,78.6,2.0915514376433304,-0.008720066967736528,0.41518760544015143
PHL,32.4,1.1010282829787157,42.4,1.0875157890720724,-0.01351249390664333,1.2272612897905497
PHL,32.4,1.101028282978716,52.4,1.0804053458474059,-0.020622937131310026,1.8730615234984558
PHL,32.4,1.1010282829787157,62.4,1.0790273581639533,-0.022000924814762346,1.998216136214155
PHL,32.4,1.1010282829787157,82.4,1.0762030171701442,-0.024825265808571473,2.2547346142107574
PNG,56.9,0.8291560366782218,66.9,0.8269256413925549,-0.0022303952856669307,0.26899584481135497
PNG,56.9,0.8291560366782217,76.9,0.8250068275108233,-0.00414920916739836,0.5004135511116808
PNG,56.9,0.8291560366782217,86.9,0.8250068275108233,-0.00414920916739836,0.5004135511116808
PNG,56.9,0.8291560366782219,106.9,0.8250068275108234,-0.004149209167398471,0.5004135511116942
POL,11.6,8.109551349300947,21.6,8.094274647306502,-0.015276701994444863,0.18837912649460853
POL,11.6,8.109551349300947,31.6,8.054822185243168,-0.054729164057778945,0.6748728961744186
POL,11.6,8.109551349300947,41.6,8.042983930243171,-0.06656741905777608,0.8208520569206861
POL,11.6,8.109551349300949,61.6,8.04298393024317,-0.06656741905777963,0.8208520569207298
PRK,18.5,1.9468843438378778,28.5,1.9265166282308743,-0.020367715607003456,1.0461697774431087
PRK,18.5,1.9468843438378773,38.5,1.9044096428107566,-0.0424747010271207,2.181675617329721
PRK,18.5,1.9468843438378778,48.5,1.9044096428107564,-0.042474701027121364,2.1816756173297547
PRK,18.5,1.9468843438378778,68.5,1.9044096428107564,-0.042474701027121364,2.1816756173297547
PRT,30.5,4.980490817525391,40.5,4.978249044525392,-0.0022417729999988367,0.045011085897608084
PRT,30.5,4.980490817525391,50.5,4.978249044525391,-0.002241772999999725,0.04501108589762591
PRT,30.5,4.980490817525391,60.5,4.978249044525392,-0.0022417729999988367,0.045011085897608084
PRT,30.5,4.980490817525392,80.5,4.978249044525392,-0.002241772999999725,0.04501108589762591
PRY,62.5,1.1165256553139102,72.5,1.1127593227189103,-0.0037663325949999216,0.3373261131147963
PRY,62.5,1.1165256553139102,82.5,1.11275932271891,-0.0037663325950001436,0.3373261131148162
PRY,62.5,1.1165256553139107,92.5,1.1127593227189103,-0.0037663325950003657,0.33732611311483596
PRY,62.5,1.1165256553139105,112.5,1.11275932271891,-0.0037663325950003657,0.337326113114836
PYF,7.4,2.4058896921936412,17.4,2.359029463255864,-0.046860228937777304,1.9477297354830554
PYF,7.4,2.405889692193641,27.4,2.333219469455387,-0.07267022273825363,3.0205134912895537
PYF,7.4,2.4058896921936404,37.4,2.303097489554666,-0.10279220263897448,4.272523506480909
PYF,7.4,2.4058896921936412,57.4,2.303097489554666,-0.10279220263897537,4.272523506480945
QAT,0.0,27.632067305774054,10.0,26.892267190858686,-0.7398001149153686,2.6773245256274345
QAT,0.0,27.632067305774054,20.0,26.892267190858693,-0.7398001149153615,2.6773245256274087
QAT,0.0,27.632067305774054,30.0,26.89226719085869,-0.739800114915365,2.6773245256274216
QAT,0.0,27.632067305774054,50.0,26.867721686992027,-0.764345618782027,2.7661543029837214
REU,24.3,0.1196224683671675,34.3,0.10214546433796254,-0.017477004029204962,14.61013492512234
REU,24.3,0.1196224683671675,44.3,0.10436304040206647,-0.015259427965101033,12.756322598413503
REU,24.3,0.1196224683671675,54.3,0.10436304040206648,-0.015259427965101019,12.756322598413492
REU,24.3,0.11962246836716751,74.3,0.1046208410815665,-0.015001627285601019,12.540810677434974
ROU,24.3,4.054655114388488,34.3,4.035083227961345,-0.019571886427143248,0.4827016324443916
ROU,24.3,4.054655114388488,44.3,4.0335402626813455,-0.02111485170714289,0.520755800714443
ROU,24.3,4.0546551143884875,54.3,4.032110013381344,-0.02254510100714313,0.5560300536323993
ROU,24.3,4.0546551143884875,74.3,4.032110013381344,-0.02254510100714313,0.5560300536323993
RUS,3.3,10.588517000319348,13.3,10.472603701734906,-0.11591329858444155,1.0947075835166118
RUS,3.3,10.58851700031935,23.3,10.450664542506335,-0.1378524578130147,1.3019052413936443
RUS,3.3,10.588517000319351,33.3,10.410829969912378,-0.17768703040697353,1.6781106400604964
RUS,3.3,10.58851700031935,53.3,10.39522284136238,-0.1932941589569701,1.8255073770117227
RWA,88.0,0.1255461757570479,98.0,0.12554617575704793,2.7755575615628914e-17,2.210786226522776e-14
RWA,88.0,0.1255461757570479,108.0,0.12554617575704785,-5.551115123125783e-17,4.421572453045552e-14
RWA,88.0,0.1255461757570479,118.0,0.1255461757570479,0.0,0.0
RWA,88.0,0.12554617575704788,138.0,0.1255461757570479,2.7755575615628914e-17,2.2107862265227762e-14
SAU,0.0,13.864771742830396,10.0,13.304803492160193,-0.5599682506702024,4.038784489616767
SAU,0.0,13.864771742830394,20.0,13.29710362701308,-0.5676681158173142,4.094319952370372
SAU,0.0,13.864771742830392,30.0,13.233433343435115,-0.6313383993952772,4.553543405586525
SAU,0.0,13.864771742830392,50.0,13.206843486835119,-0.657928255995273,4.745323386484845
SCG,21.6,1.2002450243042064,31.6,1.1871137195348416,-0.01313130476936486,1.0940520063373897
SCG,21.6,1.2002450243042067,41.6,1.186914906710088,-0.013330117594118729,1.1106163595092862
SCG,21.6,1.2002450243042062,51.6,1.1869149067100884,-0.01333011759411784,1.1106163595092127
SCG,21.6,1.2002450243042067,71.6,1.1871727073895877,-0.013072316914618964,1.089137355282694
SDN,63.7,0.5631577151127045,73.7,0.5598301538202589,-0.003327561292445602,0.590875558151531
SDN,63.7,0.5631577151127047,83.7,0.5592776760397828,-0.0038800390729218925,0.6889791205551327
SDN,63.7,0.5631577151127048,93.7,0.5592776760397825,-0.0038800390729223366,0.6889791205552114
SDN,63.7,0.5631577151127047,113.7,0.5592776760397827,-0.0038800390729220036,0.6889791205551524
SEN,42.5,0.6156235798534863,52.5,0.6128327906914862,-0.0027907891620000402,0.4533272040463796
SEN,42.5,0.6156235798534861,62.5,0.6089871758498673,-0.006636404003618868,1.0779970457269168
SEN,42.5,0.6156235798534863,72.5,0.6064452460480896,-0.009178333805396677,1.490900301054266
SEN,42.5,0.6156235798534863,92.5,0.6064452460480899,-0.009178333805396344,1.490900301054212
SGP,0.6,11.886071190561092,10.6,11.812809581697557,-0.07326160886353428,0.6163652201722671
SGP,0.6,11.886071190561095,20.6,11.804932134547554,-0.08113905601354077,0.682639828692718
SGP,0.6,11.886071190561093,30.6,11.802859261847555,-0.08321192871353844,0.7000793397537302
SGP,0.6,11.886071190561095,50.6,11.80285926184756,-0.08321192871353489,0.7000793397537003
SLE,73.0,0.17605709535164404,83.0,0.175581296822825,-0.0004757985288190436,0.27025240185220434
SLE,73.0,0.17605709535164404,93.0,0.17542757439558687,-0.0006295209560571724,0.3575663649339503
SLE,73.0,0.17605709535164402,103.0,0.17542757439558687,-0.0006295209560571446,0.35756636493393457
SLE,73.0,0.17605709535164402,123.0,0.1754275743955869,-0.0006295209560571169,0.3575663649339188
SLV,24.0,1.114727773572829,34.0,1.0994076753858186,-0.0153200981870103,1.374335380368935
SLV,24.0,1.1147277735728292,44.0,1.0854505264198422,-0.029277247152986963,2.6264033109312477
SLV,24.0,1.1147277735728292,54.0,1.0833954695676515,-0.031332304005177614,2.810758352665245
SLV,24.0,1.114727773572829,74.0,1.0799394250786756,-0.034788348494153354,3.1207931944364096
SOM,94.6,0.10189028384787052,104.6,0.10189028384787055,2.7755575615628914e-17,2.724065000846398e-14
SOM,94.6,0.10189028384787054,114.6,0.10189028384787051,-2.7755575615628914e-17,2.7240650008463975e-14
SOM,94.6,0.10189028384787054,124.6,0.10189028384787051,-2.7755575615628914e-17,2.7240650008463975e-14
SOM,94.6,0.10189028384787054,144.6,0.10189028384787052,-1.3877787807814457e-17,1.3620325004231987e-14
SRB,23.2,4.855596236817138,33.2,4.800630773824124,-0.05496546299301386,1.1320023394087628
SRB,23.2,4.855596236817138,43.2,4.798389000824122,-0.05720723599301536,1.178171190578954
SRB,23.2,4.855596236817139,53.2,4.798389000824123,-0.05720723599301536,1.1781711905789538
SRB,23.2,4.85559623681714,73.2,4.7983890008241215,-0.05720723599301891,1.1781711905790266
SSD,29.4,0.21826089783683214,39.4,0.21823178503268933,-2.9112804142805704e-05,0.013338534034882374
SSD,29.4,0.21826089783683228,49.4,0.2177960415586893,-0.0004648562781429666,0.21298193251751596
SSD,29.4,0.21826089783683217,59.4,0.2175042277131893,-0.0007566701236428608,0.34668148584660063
SSD,29.4,0.2182608978368322,79.4,0.21535986889723693,-0.0029010289395952626,1.3291565133045582
STP,38.4,0.9097453404311145,48.4,0.9083163698637814,-0.0014289705673331543,0.1570736890673149
STP,38.4,0.9097453404311145,58.4,0.9063423078524478,-0.003403032578666698,0.3740643043089457
STP,38.4,0.9097453404311147,68.4,0.9026794094774482,-0.007065930953666477,0.7766932832344092
STP,38.4,0.9097453404311145,88.4,0.9021732679041148,-0.007572072526999762,0.8323288057085811
SUR,12.8,5.165964359348192,22.8,5.1521467888563715,-0.013817570491820419,0.2674732059816965
SUR,12.8,5.165964359348191,32.8,5.100131762757195,-0.0658325965909956,1.2743525121668078
SUR,12.8,5.165964359348189,42.8,5.089737263648625,-0.0762270956995641,1.4755637166103481
SUR,12.8,5.165964359348189,62.8,5.089737263648624,-0.07622709569956498,1.4755637166103652
SUUH,37.3,0.2926452413708656,47.3,0.29264524137086567,5.551115123125783e-17,1.8968752394954973e-14
SUUH,37.3,0.29264524137086567,57.3,0.29264524137086567,0.0,0.0
SUUH,37.3,0.2926452413708656,67.3,0.29290304205036566,0.00025780067950004204,0.08809324159600275
SUUH,37.3,0.29264524137086567,87.3,0.2929030420503656,0.000257800679499931,0.0880932415959648
SVK,12.2,6.545264661312259,22.2,6.536466000796148,-0.008798660516110779,0.1344278798704335
SVK,12.2,6.545264661312259,32.2,6.507904877182382,-0.03735978412987695,0.5707910384541531
SVK,12.2,6.54526466131226,42.2,6.507904877182382,-0.03735978412987784,0.5707910384541666
SVK,12.2,6.54526466131226,62.2,6.507904877182382,-0.03735978412987784,0.5707910384541666
SVN,22.9,7.060575275637305,32.9,7.037049820816871,-0.023525454820434,0.33319458970445626
SVN,22.9,7.060575275637307,42.9,7.037049820816873,-0.023525454820434,0.33319458970445615
SVN,22.9,7.060575275637305,52.9,7.037049820816872,-0.02352545482043311,0.33319458970444366
SVN,22.9,7.060575275637305,72.9,7.037049820816874,-0.023525454820431335,0.3331945897044185
SWE,48.6,5.622133222792547,58.6,5.622133222792547,0.0,0.0
SWE,48.6,5.622133222792545,68.6,5.622133222792547,1.7763568394002505e-15,3.159577991141811e-14
SWE,48.6,5.622133222792548,78.6,5.622133222792548,0.0,0.0
SWE,48.6,5.622133222792547,98.6,5.622133222792545,-1.7763568394002505e-15,3.15957799114181e-14
SWZ,68.3,1.1016177798288351,78.3,1.1005087908788356,-0.0011089889499995564,0.10066912229501838
SWZ,68.3,1.1016177798288354,88.3,1.1005087908788354,-0.0011089889500000005,0.10066912229505867
SWZ,68.3,1.1016177798288354,98.3,1.1005087908788356,-0.0011089889499997785,0.10066912229503852
SWZ,68.3,1.1016177798288351,118.3,1.1005087908788354,-0.0011089889499997785,0.10066912229503855
SYR,2.7,1.4884143541660075,12.7,1.4794422008431514,-0.008972153322856169,0.6027994353684846
SYR,2.7,1.4884143541660082,22.7,1.4586821022388177,-0.029732251927190534,1.997578956691141
SYR,2.7,1.4884143541660078,32.7,1.4380430846088026,-0.05037126955720517,3.3842235810356267
SYR,2.7,1.4884143541660078,52.7,1.4342838219630654,-0.054130532202942394,3.636791868570292
TCD,72.5,0.3258185083674388,82.5,0.325818508367439,1.6653345369377348e-16,5.111233690443605e-14
TCD,72.5,0.325818508367439,92.5,0.3256093430835532,-0.0002091652838857594,0.06419686988741445
TCD,72.5,0.32581850836743886,102.5,0.3256093430835531,-0.0002091652838857594,0.06419686988741448
TCD,72.5,0.3258185083674389,122.5,0.32560934308355316,-0.0002091652838857594,0.06419686988741446
TGO,81.4,0.22639307008281256,91.4,0.22623934765557452,-0.00015372242723804552,0.06790067698707174
TGO,81.4,0.22639307008281268,101.4,0.22623934765557452,-0.00015372242723815654,0.06790067698712075
TGO,81.4,0.22639307008281265,111.4,0.22623934765557452,-0.0001537224272381288,0.0679006769871085
TGO,81.4,0.2263930700828126,131.4,0.22623934765557446,-0.0001537224272381288,0.06790067698710851
THA,24.4,3.9612414080514116,34.4,3.9262559007964914,-0.03498550725492011,0.8831955352130371
THA,24.4,3.9612414080514124,44.4,3.9247129355164905,-0.036528472534921974,0.9221470941073198
THA,24.4,3.9612414080514124,54.4,3.9247129355164923,-0.0365284725349202,0.9221470941072748
THA,24.4,3.9612414080514116,74.4,3.9247129355164927,-0.036528472534918865,0.9221470941072414
TJK,45.9,0.5368102326981231,55.9,0.5359374249032897,-0.0008728077948334523,0.16259149726832395
TJK,45.9,0.5368102326981231,65.9,0.5316578303296072,-0.005152402368515885,0.959818210360635
TJK,45.9,0.5368102326981228,75.9,0.5305901590227818,-0.0062200736753409425,1.1587099679671762
TJK,45.9,0.5368102326981231,95.9,0.5299784165977818,-0.006831816100341337,1.2726687540964277
TKM,0.1,11.108569071723522,10.1,10.796407068306696,-0.31216200341682665,2.8101009356049667
TKM,0.1,11.108569071723526,20.1,10.745713140228679,-0.3628559314948472,3.266450693622496
TKM,0.1,11.108569071723526,30.1,10.696576341059076,-0.4119927306644495,3.7087830845213237
TKM,0.1,11.108569071723528,50.1,10.695146091759076,-0.41342297996445154,3.7216582738527975
TLS,18.1,0.5802857910475789,28.1,0.5705845356465853,-0.009701255400993647,1.6718064703049433
TLS,18.1,0.5802857910475787,38.1,0.5700961845262997,-0.010189606521278982,1.7559634715307921
TLS,18.1,0.5802857910475789,48.1,0.569083615174522,-0.011202175873056941,1.9304584130577909
TLS,18.1,0.5802857910475788,68.1,0.5650086548293396,-0.015277136218239229,2.6326917622193897
TON,1.7,1.7105784163311843,11.7,1.6868354671478039,-0.02374294918338049,1.388007059875332
TON,1.7,1.7105784163311846,21.7,1.6860680903047873,-0.024510326026397244,1.4328677242968209
TON,1.7,1.7105784163311846,31.7,1.6598654993447877,-0.050712916986396905,2.964664846827951
TON,1.7,1.7105784163311843,51.7,1.6537956487257,-0.0567827676054844,3.3195068441978233
TTO,0.3,25.967158763091003,10.3,25.3392286899304,-0.6279300731606021,2.4181701159124285
TTO,0.3,25.967158763091007,20.3,25.339228689930398,-0.6279300731606092,2.4181701159124556
TTO,0.3,25.967158763091007,30.3,25.3392286899304,-0.6279300731606057,2.4181701159124422
TTO,0.3,25.967158763091014,50.3,25.31468318606374,-0.6524755770272748,2.5126952970868923
TUN,12.9,2.6097388626757896,22.9,2.6025874852044018,-0.007151377471387832,0.27402655390798214
TUN,12.9,2.6097388626757896,32.9,2.5699805273342005,-0.039758335341589124,1.523460293679519
TUN,12.9,2.609738862675789,42.9,2.5686688965792004,-0.04106996609658875,1.573719374147624
TUN,12.9,2.60973886267579,62.9,2.565174727965866,-0.04456413470992393,1.7076089622327921
TUR,11.5,4.700091312309687,21.5,4.670736286803735,-0.029355025505951815,0.6245628766630571
TUR,11.5,4.700091312309687,31.5,4.6303911951242105,-0.06970011718547653,1.482952405689007
TUR,11.5,4.700091312309689,41.5,4.619996696015641,-0.08009461629404768,1.7041076645527575
TUR,11.5,4.700091312309687,61.5,4.61999669601564,-0.0800946162940468,1.704107664552739
TZA,84.7,0.2428827695264666,94.7,0.24272904709922852,-0.00015372242723807328,0.06329079149491597
TZA,84.7,0.24288276952646662,104.7,0.2427290470992285,-0.0001537224272381288,0.06329079149493883
TZA,84.7,0.2428827695264666,114.7,0.24272904709922852,-0.00015372242723807328,0.06329079149491597
TZA,84.7,0.24288276952646665,134.7,0.24272904709922855,-0.00015372242723810103,0.06329079149492739
UGA,92.4,0.14537659189618135,102.4,0.14537659189618132,-2.7755575615628914e-17,1.9092190326933905e-14
UGA,92.4,0.1453765918961813,112.4,0.14537659189618135,5.551115123125783e-17,3.818438065386782e-14
UGA,92.4,0.14537659189618132,122.4,0.1453765918961813,-2.7755575615628914e-17,1.9092190326933908e-14
UGA,92.4,0.1453765918961813,142.4,0.14537659189618132,2.7755575615628914e-17,1.909219032693391e-14
UKR,3.5,4.330823665780468,13.5,4.290170423180514,-0.040653242599954176,0.9386954015507801
UKR,3.5,4.330823665780466,23.5,4.262393241920236,-0.0684304238602298,1.5800787365443985
UKR,3.5,4.330823665780466,33.5,4.181083202964204,-0.1497404628162622,3.4575515969264745
UKR,3.5,4.330823665780465,53.5,4.176904504084482,-0.15391916169598296,3.5540389906003
URY,56.7,2.7580256030321477,66.7,2.758025603032148,4.440892098500626e-16,1.6101707299665205e-14
URY,56.7,2.758025603032147,76.7,2.7580256030321477,8.881784197001252e-16,3.2203414599330416e-14
URY,56.7,2.7580256030321477,86.7,2.758025603032148,4.440892098500626e-16,1.6101707299665205e-14
URY,56.7,2.7580256030321477,106.7,2.758025603032148,4.440892098500626e-16,1.6101707299665205e-14
USA,9.0,16.4582447961695,19.0,16.41832496641593,-0.03991982975356834,0.242552169128383
USA,9.0,16.4582447961695,29.0,16.36323492277212,-0.09500987339738032,0.5772782855890742
USA,9.0,16.4582447961695,39.0,16.34414945779007,-0.11409533837942831,0.6932412282868884
USA,9.0,16.4582447961695,59.0,16.34414945779007,-0.11409533837942831,0.6932412282868884
UZB,1.4,2.86753802080596,11.4,2.84186482607885,-0.02567319472711027,0.8953044228475294
UZB,1.4,2.867538020805961,21.4,2.8305245340755723,-0.037013486730388845,1.2907757965833595
UZB,1.4,2.8675380208059607,31.4,2.772090582315403,-0.0954474384905577,3.328550059250161
UZB,1.4,2.8675380208059607,51.4,2.748192488398394,-0.11934553240756651,4.1619511769898985
VEN,12.1,5.731541657794505,22.1,5.707815470000522,-0.023726187793982945,0.4139582194559635
VEN,12.1,5.731541657794505,32.1,5.644125809976239,-0.08741584781826628,1.5251716385832546
VEN,12.1,5.731541657794504,42.1,5.636904128147668,-0.09463752964683625,1.6511705802248804
VEN,12.1,5.731541657794506,62.1,5.636904128147664,-0.09463752964684158,1.651170580224973
VNM,36.7,1.787147260045001,46.7,1.7695006038320242,-0.017646656212976675,0.9874203770165155
VNM,36.7,1.787147260045001,56.7,1.769000088788691,-0.018147171256309935,1.0154267452953476
VNM,36.7,1.7871472600450011,66.7,1.769000088788691,-0.018147171256310157,1.01542674529536
VNM,36.7,1.787147260045001,86.7,1.7684810316175799,-0.01866622842742105,1.044470640150327
VUT,31.5,1.870660400776871,41.5,1.855238144842156,-0.015422255934715023,0.8244284172750049
VUT,31.5,1.8706604007768712,51.5,1.8544853597599342,-0.01617504101693701,0.8646700924560993
VUT,31.5,1.8706604007768712,61.5,1.852450173425593,-0.018210227351278307,0.9734651646934813
VUT,31.5,1.870660400776871,81.5,1.8493730905469263,-0.021287310229944678,1.1379569600716528
WSM,41.4,1.0910088168855574,51.4,1.0876678917913671,-0.0033409250941902613,0.3062234734021138
WSM,41.4,1.0910088168855574,61.4,1.084516929639248,-0.006491887246309336,0.5950352688112428
WSM,41.4,1.0910088168855574,71.4,1.0824984813821055,-0.008510335503451927,0.7800427798325142
WSM,41.4,1.0910088168855574,91.4,1.0824984813821052,-0.008510335503452149,0.7800427798325346
YEM,0.8,1.0491063694897045,10.8,1.0051485415544663,-0.04395782793523817,4.190025836619378
YEM,0.8,1.049106369489704,20.8,0.9919170425100776,-0.05718932697962642,5.451241994407478
YEM,0.8,1.0491063694897043,30.8,0.9766867772457535,-0.07241959224395078,6.9029789876479715
YEM,0.8,1.049106369489704,50.8,0.9708109701273726,-0.07829539936233143,7.463056334355792
YUG,37.3,0.09537214805599933,47.3,0.09537214805599933,0.0,0.0
YUG,37.3,0.09537214805599933,57.3,0.09537214805599933,0.0,0.0
YUG,37.3,0.09537214805599933,67.3,0.09562994873549933,0.0002578006795000004,0.2703102370606442
YUG,37.3,0.09537214805599933,87.3,0.09562994873549936,0.00025780067950002816,0.27031023706067336
ZAF,7.6,8.377907895858604,17.6,8.268713908714158,-0.10919398714444561,1.303356261512767
ZAF,7.6,8.377907895858602,27.6,8.236841542797887,-0.14106635306071524,1.683789733836149
ZAF,7.6,8.377907895858602,37.6,8.206168771347889,-0.17173912451071338,2.0499046617068695
ZAF,7.6,8.377907895858606,57.6,8.206168771347889,-0.17173912451071693,2.049904661706911
ZMB,84.6,0.4399033971282109,94.6,0.43990339712821097,5.551115123125783e-17,1.2618941247930162e-14
ZMB,84.6,0.439903397128211,104.6,0.4399033971282109,-1.1102230246251565e-16,2.523788249586031e-14
ZMB,84.6,0.439903397128211,114.6,0.4399033971282109,-1.1102230246251565e-16,2.523788249586031e-14
ZMB,84.6,0.439903397128211,134.6,0.4399033971282109,-1.1102230246251565e-16,2.523788249586031e-14
ZWE,80.8,0.7242616361535069,90.8,0.7242616361535069,0.0,0.0
ZWE,80.8,0.7242616361535068,100.8,0.7242616361535067,-1.1102230246251565e-16,1.5329032620331217e-14
ZWE,80.8,0.7242616361535069,110.8,0.7242616361535069,0.0,0.0
ZWE,80.8,0.7242616361535069,130.8,0.7242616361535069,0.0,0.0
